identifiant_vehicule,latitude,longitude,vitesse,consommation_carburant,timestamp
f26d1fc8-cbd3-4a28-b00e-0b99f55ae3cc,-61.245256,-79.297859,47,9,1703258675
7fd1ef15-6821-4e07-89fd-3a7725bbd820,87.1872855,111.469132,36,5,1703258675
034d121b-70ef-42af-9372-a9f6083fed47,-9.138408,95.577389,49,7,1703258675
042ab296-d2d3-483d-a37f-6c8e7504d29d,-87.627057,179.925318,11,13,1703258675
74681ea2-ba6e-4332-8ae5-896beec19ff6,-43.5515715,-156.675852,33,13,1703258675
f18a3ce4-d9a2-467a-acb3-aac4bd68b477,-33.869507,-40.873140,71,9,1703258675
c23bc221-d80d-4f0e-bfd6-c19f47699264,-19.2510415,72.437473,112,17,1703258675
5ca740c2-1c5f-49e5-8725-fbcee6128dec,-44.3497365,-86.883408,65,15,1703258675
66023ae7-f040-45e8-bad8-5f776d3f2d60,-66.139586,66.380476,13,10,1703258675
48db71a0-6cce-4430-935c-0edcc136dbd4,-65.221629,-129.404268,86,15,1703258675
6210542a-43e4-4846-956f-33b8cabc664e,78.097365,119.401358,56,16,1703258675
bc022894-bd8a-405e-b672-e2239e59f38c,-85.846898,29.378102,40,13,1703258675
a3197b02-5424-49af-b510-5d3161ccea43,-82.7754425,97.669914,42,18,1703258675
b83220a9-c785-46d0-8fde-21c266781435,-64.441280,159.474077,43,11,1703258675
04d2992f-99b3-43f5-bb93-bc9dba6e83f3,89.898437,49.386985,120,16,1703258675
895a9cc5-286e-42ee-b7f1-559d86bbc081,55.039636,-66.284156,35,19,1703258675
fd0024c9-832e-4cfe-a8fb-f23b9a1ce3ff,-56.002337,163.251957,35,12,1703258675
1d1f280f-c66b-4667-a2d3-efd41ee1b986,89.0919945,39.071974,31,19,1703258675
f8542a03-aae5-4adb-a967-18ce33fb2f06,-57.3834105,-99.394667,85,6,1703258675
bd9dde66-f7ec-4054-86b4-6358885cd738,-73.303599,-22.950092,77,19,1703258675
24368e7a-e41d-488e-bee0-24fc169e5bb8,-5.575332,-125.890372,38,9,1703258675
c24e208a-1d7a-4a51-8a88-d8bc8d0d47fc,-38.7507125,-108.224387,89,10,1703258675
a1c8016b-fc92-4c3f-b746-9ac51b4ddf10,61.313317,-85.982513,103,17,1703258675
0946b304-b98d-47c7-a7e6-39b894fd79a3,10.7649615,15.211448,92,9,1703258675
0cc4532f-8ac2-40ec-b7d2-6e82ebbceeb4,50.4933805,-154.914889,31,13,1703258675
7abc7488-2682-477a-b923-e3c4ce1f17df,-31.682609,-130.647363,73,5,1703258675
144df720-4599-41ac-8c98-ae0c90a5649d,83.6108125,-163.306185,17,13,1703258675
dce281ae-9455-4597-a23b-c484f6db3e48,-27.155857,-176.110152,6,9,1703258675
695f0e68-c54a-48ca-b248-a980fe3e0d9c,-23.279611,16.553105,79,10,1703258675
eb9b297f-6fe6-4759-9f72-a477ebc6320e,-69.8619025,-146.836963,102,9,1703258675
910b5e7c-d50a-4aaa-987f-3c4eab6103db,63.5873825,107.198986,94,9,1703258675
5a7e6a6a-8f61-434b-b3e7-571216151c6b,80.3082075,-5.633379,107,5,1703258675
c878beae-e9a8-44ee-8f14-b29e90c714f9,73.840040,86.115085,99,15,1703258675
30259a29-ee1d-4d89-b9ac-c090b1b121af,22.900802,20.739364,21,12,1703258675
e21c087a-8ddb-41d8-be60-903f11bc0acd,67.3240345,-117.405756,113,14,1703258675
244deb03-5c56-40bd-a396-cad491ea0047,12.0468275,-88.065312,68,9,1703258675
3ce8d971-f0be-4994-9580-3818d9b91160,-87.632734,-85.323014,49,10,1703258675
bf99155f-4039-4eb6-bf55-f7504f9d7c67,-5.366007,4.423446,92,20,1703258675
5e4e1e8b-2258-401b-83a9-949a27160955,-17.980806,155.872792,34,18,1703258675
5e51e8ff-7fa0-4150-9122-5f3791a85e7c,-29.8754035,-104.038440,112,5,1703258675
428ab3fc-e6e2-4ebb-83f6-74bc8262ce4d,30.5626735,-122.997975,92,15,1703258675
f91f4770-f5ec-4dea-9fff-d6b5027209fd,-21.365806,-139.139609,86,12,1703258675
8a4100c8-7b53-4dc0-9dbd-3fa1ccd3bbfa,-54.7572015,-48.615306,3,12,1703258675
6592bedb-915e-44b1-a59a-2a3cc6ad81e9,54.8152795,-110.728129,92,19,1703258675
e02fe6c6-70be-40a7-b55c-528cb9c0cca8,-36.5689685,90.561459,58,8,1703258675
89c5c7b4-41dd-4f73-a20f-7cdeaed511cb,-85.9291005,92.716467,39,20,1703258675
3a4cd6cf-0966-4135-be43-774effcaf61e,85.547902,162.323745,115,12,1703258675
3789bb06-c7ce-456c-a835-2474d7e3ebfb,62.432483,-110.633045,85,17,1703258675
635fc9cf-32bc-47e3-8a6e-672bc85e9cbf,-74.511238,-161.763253,99,13,1703258675
a7859903-1cf2-4db1-9003-caead170f012,-2.959249,-57.163285,110,16,1703258675
8fccf33f-44f1-4a67-abdb-3da4dd4eebe4,87.384227,106.096290,30,16,1703258675
59dbb312-060b-4a8f-995e-d6128d778a73,-73.581634,-147.028785,82,16,1703258675
90992fd4-0d9d-4141-bb3a-304f1765483b,8.6087345,-58.657922,50,11,1703258675
820c76a7-45d9-440b-80d0-c68340c50547,-54.3624885,161.985867,14,7,1703258675
bf008704-18b4-4164-8dd0-6ccb2932dac1,-52.475804,-47.925825,119,13,1703258675
5cf916e5-3801-40dc-ad69-b72a9c8c8155,27.4456965,-59.538747,16,10,1703258675
f2cd9ad5-f435-45d8-9733-281ed9193693,-34.7232455,-43.660600,110,20,1703258675
46d3d6c9-1fdb-4ba9-8ed9-825bae793743,89.116001,45.568081,43,9,1703258675
f9070e21-bd96-4a61-8282-2252567cae00,-87.5513095,79.827029,97,11,1703258675
7bc7882f-9723-428c-877a-99c105f70e37,-66.587577,64.990061,13,12,1703258675
2f899ed6-08fc-46a0-a16f-67298aa1fbbd,-22.192463,17.630689,115,7,1703258675
bbd910db-f509-4bb3-8a13-5e718bf5375b,-30.312754,-149.428751,89,12,1703258675
5f61d52c-267f-4b6b-a070-d8f1c0e8ba43,55.696857,28.141680,111,6,1703258675
dc80ee42-8a95-49b1-8288-b5c8e3105bba,-29.7158585,57.575232,118,10,1703258675
7bcf2a55-3824-48a0-ab2b-b98cc1a465f6,-24.3367125,-101.029607,34,5,1703258675
99072aff-913d-44aa-baa3-ec0fa64b0b7e,-46.7912295,-116.382317,22,5,1703258675
ad674d2a-ec96-43f9-8664-66e2050b5bb1,-73.5749635,64.822117,37,14,1703258675
45513c70-b4e9-47f5-b28e-18c116728475,-18.0333415,38.926391,77,8,1703258675
9a46936e-d425-4ec3-b0a1-5b720292e4fd,77.5577235,93.033842,16,13,1703258675
848c4b7c-7edb-47d3-ab99-cb5e450c4c54,-32.1530285,24.087973,24,9,1703258675
b058dd0c-2688-456f-93c3-fe5a30c8e619,48.463358,42.166662,23,20,1703258675
7018d41e-1a34-46f4-8f79-2e705b686242,-13.660469,-135.837272,49,15,1703258675
2fc90209-7dfa-4194-ba63-f6b169857eb7,21.1311675,16.058163,108,13,1703258675
1871b90c-5bf1-4ba6-9b25-02f22da0d6cc,13.0022985,96.418346,38,14,1703258675
becf7577-7552-4dcb-a63d-3626838da5b6,-12.000162,33.436777,107,7,1703258675
c9afd3e4-a891-45ff-814a-957a5e22b9d7,-44.4461075,96.251918,43,19,1703258675
6a84bcf0-37d7-4677-80d1-f9c74837856f,51.8872305,62.797752,87,12,1703258675
d93494b5-dec0-4c07-b83a-bb617ecdaf29,30.219448,-59.745259,73,14,1703258675
2a3c0f07-441e-47a3-a9a1-4745ec69e13a,-88.470174,132.202584,6,10,1703258675
d95e705f-f32d-436d-83ab-37d84b9ea0c6,-61.585019,170.441203,39,14,1703258675
f3e769c0-8fa4-425d-b5cb-d865dfb926b9,15.781873,45.577417,83,9,1703258675
f91adb0a-cc4d-4627-b3cf-63e6e215ba51,-48.9690335,73.393386,35,20,1703258675
1c8a083e-f8b1-49df-a30d-9a9bac7f0da0,-62.7965735,102.911726,98,8,1703258675
0b287eef-7d23-48dd-8d5f-60ecc111870f,-74.682064,170.264188,76,8,1703258675
79dc73fa-d350-4c3f-a8c3-c67102f9f990,34.9070305,26.796654,66,10,1703258675
c2092830-76e5-497c-b5ab-110fffa02d96,55.3400985,88.640853,63,13,1703258675
88815e81-d0ae-4733-9550-a94a3be99cdf,88.098686,125.411578,37,7,1703258675
b65495e0-61c4-49b2-9d59-658d50c292b6,87.797210,-156.670337,3,19,1703258675
d365d1fb-1a0a-4e14-af05-33a2519917b2,-88.366497,136.881950,7,16,1703258675
159455bd-27a2-4449-88ec-7509c68fc39a,40.345993,-114.104354,6,9,1703258675
b9465b60-970f-438f-9d14-572ed0392570,48.231093,-56.811232,10,13,1703258675
1f486890-c282-4f2c-a643-dd52e3fd99a9,-40.599052,45.214288,99,19,1703258675
b1d0c499-13ce-4d20-b54b-16abbc4d2e69,-16.8992835,-23.253688,90,10,1703258675
f7a06623-70d9-41df-9c3f-e8765251e664,28.0301495,-95.544093,12,10,1703258675
eba3abc1-5174-40c2-afb7-b8176886c91a,49.4404615,9.244868,59,10,1703258675
3da2baa1-3e91-47eb-a4eb-ec0a7c484e74,-32.8287455,122.470360,87,5,1703258675
75240703-0c23-4dc3-8c8b-7450676372dd,26.661785,101.528896,52,19,1703258675
c3c34354-edfa-40e1-888a-bc748d34b916,72.736594,56.665036,47,14,1703258675
e52c0c5c-f998-43d2-bd44-3aced2886aa4,-75.6851865,-25.268696,33,19,1703258675
38197898-e3b5-470f-9a08-18b17b7c5347,1.795549,-159.258109,109,18,1703258675
67ccca43-bab6-4908-a254-ae4ac71d7467,10.483728,108.465627,38,7,1703258675
e3083eb5-da39-44ea-9a19-aaa3d77df3af,41.069487,-152.837809,79,13,1703258675
c91c9f1f-bb2e-4b9e-af68-158f6ed8495b,-12.404215,-129.458048,46,14,1703258675
506cd105-afa4-46fa-8e50-78b64376d49b,84.4464975,-147.035439,93,18,1703258675
658a039b-127d-46d4-b888-eaa3af7e475b,-49.3015305,-84.720556,28,18,1703258675
00c6fdd1-7ea2-49a4-a4d9-ef5e7d585af6,-8.122067,32.575764,91,6,1703258675
6a4b12e1-3ecf-4951-be95-b90a2f1384a8,56.197824,-93.489671,28,8,1703258675
34ab5250-b2dc-4bd1-9ab9-a41bd3800e59,-1.0973365,66.306878,57,20,1703258675
34b6c216-7a80-435e-8b75-469f9456fd1d,77.3318995,-43.678744,89,7,1703258675
3a0c518d-6f3f-4f0e-b11e-64adaf7810d7,-83.2199085,61.769203,6,12,1703258675
0393f408-846e-4b4d-97f7-27fd3855e017,84.2580775,94.100524,27,20,1703258675
1cb69fca-569e-486b-92a7-3a6732345750,-81.737184,-117.402252,16,10,1703258675
728c1aeb-ae5b-4cf5-9e18-c8dc6d997e06,-28.4887035,124.906438,35,12,1703258675
aa0c3274-8016-4823-8c34-f6469a68ed48,1.8505625,166.034307,19,8,1703258675
66ea093a-61e0-4d73-8dcd-37c7b3600dc4,6.657967,49.574087,20,7,1703258675
35d09a3e-bb76-402a-9c90-f4c80434a980,11.0338065,-168.780204,2,17,1703258675
b4b4cca8-1852-4f76-9190-86c8b93b10e7,52.4355615,161.691754,55,17,1703258675
1a028446-4a90-4991-ae7d-b996a0f371c6,60.944071,-33.797575,33,16,1703258675
dc4004fc-75e2-4452-bdfa-20c90f8948a2,-37.828431,8.968897,33,18,1703258675
37ab68c4-15d7-44a8-b652-4cfd1cf0c7e0,-49.2822375,-118.999476,62,14,1703258675
c3b25b47-b932-4de3-896b-f31704b4eeca,8.6656775,-12.906958,68,13,1703258675
8d0f384f-1506-441e-af6d-45a49adea81d,-36.952525,-108.453146,58,5,1703258675
a00b9b39-4553-4498-a2f3-babe4240f999,85.4491205,143.165552,29,9,1703258675
014b3cad-6b53-4ff5-a935-8aed13e4ef77,-75.5747265,36.457053,114,8,1703258675
16e64b3c-9ec0-440a-a171-8cea7bd4c06f,-52.392021,-156.326292,79,19,1703258675
50b23dae-7e00-4273-91a0-30eb884f2bc4,12.295399,-146.005625,65,18,1703258675
98cb5b72-a2f2-443c-abc3-751eb5a1aceb,14.2800485,129.725817,77,8,1703258675
e37fae00-d00a-4e68-84e1-8b05ea606c6d,-48.699207,-110.464285,99,18,1703258675
2c7f5892-fe8d-44e0-99cd-15719e7e24e1,58.1870955,-13.068019,34,10,1703258675
5a32e858-b8e6-4d43-bf19-7c09920d502c,74.0635025,109.765620,78,10,1703258675
590059cb-8f54-4aa8-b3fc-b6f4077ffbff,13.108470,-177.517498,77,16,1703258675
a1b9d73b-7512-4b15-ae52-88062ccb3313,-79.6903835,80.973727,15,6,1703258675
c0ec33ae-d9d1-45a3-b0b3-ff03a06a065e,-2.0720065,108.729954,15,15,1703258675
ba82ed93-571b-4fc4-b978-922eaa666369,10.2672345,30.456051,106,19,1703258675
b66f513d-a0a5-4d06-a053-a4fe9969af1c,-42.909045,-150.920694,37,17,1703258675
b23d99e6-88fa-4a7a-81f8-2d4fb2700179,76.874622,-160.912336,92,11,1703258675
ec9144db-9c00-4ce8-aecb-23577befbeca,10.4285925,-79.384706,72,17,1703258675
7faf0ef9-e4ae-48fd-8e52-eca068e4bbbe,-2.2508305,-145.567130,24,6,1703258675
8ce96a65-49c8-482a-9071-75d189b2aae9,-12.528343,102.650341,102,11,1703258675
d5fd8995-99c1-4cbd-84cf-12af0e84f46b,-65.3525475,104.582548,90,11,1703258675
38e0dc2d-60d2-4005-8c0f-32cbc0f3ced5,6.2858105,145.502536,77,16,1703258675
f494ba88-5e80-42cc-b8ca-0a38ab6c2dd6,-63.304659,30.132766,71,9,1703258675
e97f044d-b71f-4291-ac49-425ca490de87,-7.5689375,-145.282133,4,19,1703258675
7cb77174-700a-4fb3-9d14-5aa2fa8396cb,75.6560005,107.638268,71,8,1703258675
663f68eb-7735-476e-906f-dbc922c298e6,46.9426965,-138.080129,108,16,1703258675
b24e672b-2399-47f0-85c6-8239e5153f48,-78.092150,-91.358353,64,12,1703258675
486c5504-fa67-4a62-95a2-bec660e38c99,-26.1349305,49.975177,84,19,1703258675
e5d2ad2e-8ca3-4c94-8611-e3fa99b27fbf,-77.815513,108.957761,96,10,1703258675
b603c5bb-6a58-4e44-91ed-42a6c8ba165f,-73.085161,149.814633,89,20,1703258675
629d82eb-2a7f-4cda-8058-2c92e76e4d03,-42.9232485,88.559454,109,8,1703258675
e598553c-4cac-499e-945d-c55b824728d2,-71.9370295,97.134408,97,15,1703258675
d3c96873-86ea-4db6-9727-71128aed4123,-62.053042,176.009705,45,18,1703258675
ab221554-e8f7-4ea4-a684-0d6c8bf61770,24.205105,114.092833,34,18,1703258675
37314b2b-94ff-4203-bb6c-332ba44ca804,27.9510485,-27.333889,34,5,1703258675
2557a340-627f-4c26-aa91-49d62b24225b,-21.8543525,-10.825745,55,19,1703258675
ff82d996-5250-4f16-8034-953d3281b0a1,44.213091,-75.328778,26,17,1703258675
f169100e-32fa-4d4b-848b-fb14c5485d36,-84.9226595,-10.083503,55,7,1703258675
430321d7-c78b-4110-8602-6e721b4747eb,-11.535211,34.383937,107,13,1703258675
8bc38baf-6db7-4122-843f-a1ecdb063da8,-70.470931,-1.550264,112,17,1703258675
cae61acc-a453-4cfa-9254-76d7d25b38f3,-60.4001525,24.525906,45,16,1703258675
e6eff87b-a88c-43fa-b76f-7d0d6300c0aa,65.368480,-126.004852,118,6,1703258675
ee94bbff-45ba-4379-a7e2-033b0b6efe16,-36.355368,31.331481,17,17,1703258675
0b0d8369-33bd-463e-8027-05cffc12c44a,63.462572,-71.256646,51,19,1703258675
737b3a62-e556-476c-adc4-a802538845b1,-88.618868,-108.714091,44,20,1703258675
884aa201-f273-4908-82cc-0ab553828c9d,78.461450,150.831403,76,8,1703258675
6d586fb9-caf4-414c-9d83-d6d3c7620f9a,34.0158215,-95.629622,76,8,1703258675
c5274357-b9a5-4ed6-89fc-e1f5556e32cc,79.794159,125.741850,79,14,1703258675
15112f05-cdfe-473c-bfef-cd3eddd4c6a9,-17.7981305,-105.969971,116,9,1703258675
ed14f495-5b0b-4467-9627-741c531f96f3,71.6617735,96.600635,22,15,1703258675
05cee76d-a66c-46cb-95b6-b3ac032098f0,-65.8078105,-94.646329,108,19,1703258675
1af6458a-e05a-4a43-b894-8fe1ee4e7b87,-64.7491475,63.785063,92,7,1703258675
fd9a87b3-988b-490e-a109-ec96aaaa21fe,7.515372,-89.286651,21,12,1703258675
ab9fe031-f219-49d7-b1a4-f3ff9a5eb5a7,-73.434343,-63.530470,7,5,1703258675
4de186bd-3f90-4da2-91c4-0ec4ce5ded44,11.915381,-18.492323,90,11,1703258675
8ce1e792-6991-4f60-aef0-ebdb51a3af81,-41.3992555,109.498519,43,17,1703258675
1955ab1e-111d-4276-9584-d53716f9b8c6,45.006301,121.343353,89,9,1703258675
a5cfd2cf-3da1-4544-b8df-52942d071b59,-45.895208,-129.500369,31,13,1703258675
3ceafe87-4cdd-44cc-8a23-33b00f5de018,-78.3145565,110.560294,87,11,1703258675
e800884b-1177-493f-994a-beee619af65d,-11.6915925,-157.263023,8,13,1703258675
556ffa0c-746b-4ec7-9bef-17155d23dc33,18.9443965,133.756997,35,15,1703258675
5658d58e-40eb-40d7-8342-e2089c1270ff,-22.057801,48.931769,8,18,1703258675
a73f144e-f51d-481f-800a-98ba0d6acd4f,-53.4360175,62.473672,7,10,1703258675
0b0535bd-9987-43d9-946d-586449ce20dc,-78.2736185,-37.222737,118,13,1703258675
072658c2-0a47-4d9b-b4b0-0477b5773c4d,-44.9230075,-74.072523,86,12,1703258675
43a5efd1-e7c4-4d52-a3e5-94e6a54808ff,-2.6262195,-169.172235,74,20,1703258675
ddcf29b7-330f-4556-8b6b-c0eb6b8c4796,-9.457003,114.805446,9,17,1703258675
a87c7a89-d4dd-40b9-b0d3-e6f11127fa69,-29.862539,169.416125,83,17,1703258675
52c330cf-8350-4143-9d81-520b51473a53,28.500206,-115.218047,76,6,1703258675
83658bf0-4f75-45df-99eb-8564f5f3b7c6,-36.1655655,32.432488,114,11,1703258675
334a05d3-747d-48cc-8ca2-bd6127391891,-74.6165355,-101.120163,65,11,1703258675
d0528a0b-69a0-42eb-8af3-161531334019,-83.632953,-108.096330,115,18,1703258675
2a45ed17-dd79-4074-8ff3-ae4a5911af47,73.2683485,123.976708,53,11,1703258675
fd84228a-4438-4709-ab91-fda0a4b01324,-26.3198745,120.012423,90,17,1703258675
0d7caa24-8b19-4b65-85a0-c5c23173e223,9.0677955,1.937692,95,15,1703258675
7207e88c-6a92-4f10-b077-85f57b841a94,36.113318,-83.696402,24,9,1703258675
abefa6af-4ee9-4f01-be56-03f985f99aba,-18.081871,-161.757113,48,19,1703258675
bfc254fb-0748-499b-9835-d1e283df4e7d,-33.7069105,-140.739732,17,20,1703258675
4115a1d6-7551-4e9c-8cf3-c03d375ac08b,14.798269,125.096982,113,8,1703258675
c655c2f3-c487-43e7-a438-727462523f8a,49.8907215,127.742633,61,13,1703258675
6633f579-f1b3-4ad5-a8d7-ceaa87e129b9,-18.621124,7.703705,16,8,1703258675
486698db-0de4-43f6-8623-d741e96c4ba3,76.073853,83.268266,63,12,1703258675
e15a2cb3-fadc-481d-95e6-c8979ab74372,38.6712515,-81.392032,48,17,1703258675
a6c83d5b-52cd-455e-a506-f93fa4325f73,20.3107085,75.515548,116,5,1703258675
f9fa54da-ec5a-44eb-9b56-8bbea63ff21d,-18.8086635,-73.333791,77,16,1703258675
aa732493-1235-4be7-b81d-33fe9a37f786,36.7713525,78.891486,52,11,1703258675
bd2e24fb-ac89-49f1-94e2-358ed455bebe,27.658794,-160.943712,47,18,1703258675
c54c8df8-1e9d-4b9c-b561-7ed803bff36d,35.041940,156.025454,70,12,1703258675
44977dff-e736-4dbd-a9e3-74e6db8f4391,6.650724,0.448218,95,15,1703258675
aadcbc91-3539-4f81-8647-b159d0303bed,-81.528470,64.041841,75,16,1703258675
f555bb5a-f40a-4491-b4f5-5cf4c4990de1,88.624085,60.156559,100,17,1703258675
4ac91a9a-0936-4483-a71b-124fba5cb8b6,-51.7492435,138.433020,43,9,1703258675
3dbe13fc-f863-4b31-92fb-9d5e551d88e8,-26.677293,48.389588,63,7,1703258675
9018ece0-97ba-426c-8596-35e8a382d90b,23.0266715,136.583157,67,7,1703258675
b5c9825d-e709-4258-a3f1-8f22d5a3bdc9,59.4741565,-11.572333,89,19,1703258675
f42d361a-5d88-4919-bd79-78b8f4434245,84.5832775,-55.954143,38,11,1703258675
e7c22f3a-44f2-4620-a0bf-073fed72c3e4,-77.557638,-107.724664,27,17,1703258675
d9a27102-55ef-4583-9eee-71a38eda42b7,53.8956115,-106.371132,49,16,1703258675
577675d7-5300-4265-b756-04c7dba54d66,-67.905717,77.579620,49,18,1703258675
3c6a8c23-c66d-429e-ba0a-7a041ce316dc,-22.578488,59.131082,100,8,1703258675
98bbb864-3426-46cb-92d0-365a0aa2b6b0,-86.145977,124.656202,6,5,1703258675
bf9a4ce4-a9f7-4a12-94dd-7ff2f1b9757d,10.2990515,72.913882,108,7,1703258675
f8c0d1f3-e895-4aa1-8476-87eedff944bd,-4.9802105,-178.936141,85,12,1703258675
b2a227ef-4cc0-47d3-8d13-2e813d27a4d1,-6.384911,144.921833,92,17,1703258675
aab29058-e88b-43df-a01f-dc664cbcd411,68.387337,166.754757,81,9,1703258675
fe4db1b4-1345-4e31-8215-96082d315973,-14.1979715,9.549117,58,11,1703258675
f8fe7599-1c46-4345-a027-215a274f9ca7,67.431326,-1.707606,86,7,1703258675
fb64a4c2-a38a-4c37-8291-d655444e663a,-60.600040,-7.245180,41,9,1703258675
1d49a416-a8cf-4467-a9fb-f9a2f94663fa,-83.208140,-164.129441,21,18,1703258675
98c7c3d9-a2fa-4c9c-a4ba-b2c745e020b0,-72.803451,-133.070986,18,13,1703258675
edad643f-9d78-4fa1-b344-e7d0c7395df9,-68.8755565,-110.295351,78,15,1703258675
9eb68a0e-4adf-40b8-89e5-90d381b8b92f,2.3008985,158.281314,30,5,1703258675
c1fee80b-da13-4871-92aa-16e664f4aec2,5.047211,-124.612848,59,10,1703258675
837d23ab-ce04-4eba-8335-c463bddd3f33,-37.2748125,-108.641092,31,12,1703258675
635d7468-9f9f-4fe5-86c0-78ae369758f5,-49.683302,-22.877793,96,9,1703258675
6d87e28e-5321-4964-a5bc-6cd2a67d5a8b,15.193258,-146.273519,111,14,1703258675
4f399077-80fb-44d8-99c7-da3dda6730d2,-50.229913,-175.029629,20,17,1703258675
b43fd0ed-b3de-4514-8d47-30cf650c7946,58.060795,-158.757750,3,14,1703258675
51ebfa95-4273-4f71-901d-36926975a779,76.6140195,67.420590,62,20,1703258675
5981f4d2-73f4-42fa-bd49-ba38faf45aef,-84.2341935,-177.144264,97,8,1703258675
9df7d169-f5bb-44ad-b111-933a4e59f6e7,-31.2430995,-107.363937,120,19,1703258675
a775ad8c-744e-4e83-ac65-fc6022d2e42a,-44.200879,-175.685671,45,10,1703258675
16fffbf1-8d2c-41dc-800a-f2e01f37a98f,-1.1728985,164.147100,99,17,1703258675
cf7ef1d9-9235-4036-a5e2-a7d15d6c3890,-15.705358,-129.421102,5,20,1703258675
6ad78b69-15e0-4b5d-bb4f-fffc790454fb,83.8012695,69.092388,58,19,1703258675
fc4ad6e5-0304-48d2-a741-1229da5be45c,-29.956280,-122.736002,44,19,1703258675
a13e88be-3692-4d67-9eeb-c10b106a8ae2,82.020747,26.963113,51,19,1703258675
4a582b9f-0d02-48ef-b736-01f88c282a5f,35.193256,-119.381715,15,13,1703258675
7cc6e37b-44dc-4d9c-ac93-f7ab257dd2a5,66.417120,-121.553952,7,6,1703258675
a41cac6c-960a-46ca-b837-99dded9d04f5,-29.473655,39.009102,97,12,1703258675
23f635c2-4068-49e9-9f32-5d7c64c336fa,47.4010105,-139.949923,27,16,1703258675
c7b62803-6ffb-44f1-a335-4e355bf1030f,-51.8834305,94.919664,4,6,1703258675
8c92ead5-da29-48d8-ba03-099882d5ab3e,27.7735825,17.366863,60,13,1703258675
9fa3d55e-894b-43f2-b576-c2ffe60f580c,-10.797037,-23.621376,42,9,1703258675
af9d8ad7-f62e-4dfe-aa07-4c5c9fe52bb3,89.5244955,126.261476,53,15,1703258675
ec84b0cf-cc62-4a82-afb4-12f13f32266a,33.4130165,-133.975050,100,11,1703258675
72b3e38d-06aa-47a7-afb3-c06133a92007,50.6112405,155.261322,67,7,1703258675
bf05257e-a356-4f6f-ade8-cf208ab6696f,-55.2807235,-54.011130,48,19,1703258675
1279fd91-086a-45c5-81b3-b329444907cf,-48.009177,-35.071687,80,18,1703258675
e113a3d6-11d2-40ca-b620-fc5508e4cc1b,-60.232152,98.343461,82,5,1703258675
ac92ff1e-c3b4-4892-a38c-055253ae36c0,-12.4167685,0.624134,28,7,1703258675
73d10d0c-cc69-4597-8c87-57ef9ead489a,-88.402809,105.327500,108,19,1703258675
35bb5cd7-4382-4a9a-8349-8ce176dac276,55.9297455,-24.041046,80,19,1703258675
94d8f84a-2638-4ab6-9661-3e2fe25b3f2c,-69.2866975,-40.762991,1,15,1703258675
56642dac-e802-4342-ada5-2bb570915549,36.729101,-22.844651,74,12,1703258675
51eef120-5f06-471f-96ef-996af9b758a4,-38.5828115,-104.332651,107,20,1703258675
90843708-538f-464f-b180-5dd2afbde225,-25.641449,57.902722,100,7,1703258675
2a299c66-e9bd-40f0-b6fd-95668f125128,-19.2175815,173.425137,9,17,1703258675
c9ae5b5a-e41a-45cd-b99b-9db3329804ad,56.097690,146.935818,73,19,1703258675
a39e83e0-468e-43a8-b94a-3aeac57be03c,87.153581,-160.658790,103,7,1703258675
7b34c083-9bac-450e-9a51-ae9ffa902d8e,-74.6154125,-129.101249,81,11,1703258675
f8d90fb9-0b4b-4842-b340-1eafc6d3498d,-63.9629995,136.623631,22,10,1703258675
cfa83ad9-e0ee-4493-b460-ecbdd78402ec,57.947850,99.559893,109,10,1703258675
8d97222d-8176-407b-9e91-5d597d797d0c,-8.4678585,27.349226,103,16,1703258675
31196721-0658-4b27-b3d3-0e7131d4169d,31.7032725,50.526720,119,20,1703258675
8fa0d100-5dd8-4bd0-ac9b-b48cbe3b6224,37.988033,-2.642300,50,14,1703258675
2eb1afd9-d2ab-4ac0-8f8b-8e0921c43de6,72.055378,-157.271640,105,14,1703258675
8c76f2ed-2f8f-42ad-b93d-0a6a647a585f,25.410620,33.907775,105,14,1703258675
d33807f6-0b09-487a-9af1-0d1e2c9445ed,52.3296895,-62.370175,95,9,1703258675
f92e342a-813b-41ba-ab67-ef0460751286,13.778858,-95.269134,42,14,1703258675
1669b2d8-f414-4c93-b11f-4d97785a941d,36.8451635,128.974435,91,7,1703258675
d9f53d31-a1eb-4279-89ac-31ecc93ae219,-50.047091,-51.061028,81,14,1703258675
2854dd85-974d-4806-abfa-84acc0d9948a,80.5618235,-126.467267,117,5,1703258675
5d6da627-8634-4aa3-b965-f485c2916c14,-7.720094,-138.911956,111,19,1703258675
22ff3a4b-d446-460a-aeea-2b4c4353dee7,-79.0079015,48.618653,104,14,1703258675
a87e0c94-f8fb-47f8-90c6-647c0c5f730f,40.5088865,55.560585,82,5,1703258675
65a9ee31-f17c-454a-8b99-a34d6a3110e5,-60.232887,-38.400631,12,13,1703258675
bccb8e84-0478-402a-820a-da84a07ab790,-44.828150,-126.633897,67,8,1703258675
3feda63f-b828-4290-bace-138fde21629c,86.090271,37.612732,6,9,1703258675
df5fa26c-ed6a-4901-8f70-b4cd25fc4514,-45.593221,-168.959828,10,17,1703258675
835fd051-78f0-4b60-a2e4-87665f74edd4,37.024232,137.108762,86,16,1703258675
fcaa68d1-8c94-4d84-8eef-b85432a44b30,-42.8252905,98.366539,91,15,1703258675
c77808ff-538a-4b31-9b87-d6c252a96efe,7.134298,-88.202642,110,5,1703258675
4c277b54-0e08-4126-9763-e1e2f16bbdaa,25.0924355,-117.555154,33,18,1703258675
8ee3eea3-fcce-4aaa-8d6d-e567405dbe98,-81.2302005,98.221847,20,14,1703258675
70557f34-3329-4127-af82-1a4cbe3797e3,-65.193679,-178.074216,103,6,1703258675
721a9889-d640-438a-a39a-21b6d81adc22,70.406368,-91.831291,40,5,1703258675
6d307e57-b760-4ef3-8460-3ae757b57307,-20.888338,25.640553,52,11,1703258675
89480368-ee17-47dc-976b-bf568d4445b1,-63.218688,114.490208,72,8,1703258675
4b2a9c88-ee7e-4384-bc8e-d6f94792c83c,85.3320315,54.066623,98,10,1703258675
ea2de06d-7450-4253-b005-bbf9261ea1a8,-65.1740375,105.756885,28,19,1703258675
0bf65e8f-665b-4e82-99a7-4a8dd6369d3f,52.851643,-31.453836,81,16,1703258675
11b63aa6-de5e-4392-a288-c5ccf82eba92,-21.621492,-76.772662,50,15,1703258675
961a8a9a-4796-486e-a665-20d6ef87168b,50.230773,32.486592,54,8,1703258675
8bf71562-8cd5-47dd-a022-456742cca3e1,-30.1497205,135.646388,49,5,1703258675
c3abba70-6764-4e8b-96ef-0606c7073004,51.853753,72.522072,76,18,1703258675
db055848-40f3-4799-bb98-4ee26f334cba,-42.7430685,21.618996,0,19,1703258675
c33f8e87-4a88-40f2-92ec-d6aa839656b8,41.5648725,123.773904,51,11,1703258675
2c5f27a5-50b8-497f-abd5-e745a34ef2d8,87.013962,153.046685,51,12,1703258675
7c0c8595-17fb-4375-8686-3ce43e86aa64,-50.9512515,-172.926615,66,6,1703258675
c6eae80e-f1d4-463c-a7d5-4ddba69a633a,57.877673,-164.595987,23,9,1703258675
05aa4265-a183-40c2-b9cf-7851e6e9b7d4,1.369643,173.096346,87,13,1703258675
94a38ca7-fcae-4bea-9d3a-45bb0996a1f6,-77.662781,55.430622,89,12,1703258675
d8443c2d-4623-4843-a7ae-cefb932bbbd2,63.841708,-112.489295,0,7,1703258675
26a199f0-c622-424f-b0c2-916f4dc99270,-77.4111005,-4.242367,120,13,1703258675
b8089fd0-a5b1-4420-bfda-6573260db88f,8.9176745,-79.855149,2,5,1703258675
fdcd8400-a69f-4e0e-9c03-12552d75fb49,-68.002591,139.694499,34,9,1703258675
65070de3-54a2-4826-aa7e-8b7c775be0d6,-82.5516925,-152.678343,120,13,1703258675
63875b2e-7317-4bfb-9508-4d3f85e85bdf,-13.090215,-142.340284,114,14,1703258675
d0b256f2-7d1d-4648-b08b-5942afe10eee,0.1885945,154.503813,89,9,1703258675
2513f7f0-9d7a-4e58-8e50-a1617791004a,35.7858675,-66.463405,94,14,1703258675
1fd9eb24-dc61-446e-ad36-5dc62fa4b225,3.178861,54.203647,114,14,1703258675
ae0c2f12-3c02-4018-be9d-7f858bf88747,-58.999383,89.968699,118,5,1703258675
05c130e0-b0bc-4a3d-8d8f-c9d257aabf5b,29.7449925,-128.850324,18,12,1703258675
127b33ff-0945-41e0-a4f3-611fbb501f1f,-41.7024325,-117.559855,82,14,1703258675
cce6d25a-aa5d-4d38-aadc-55306f88d682,72.5132065,-9.274904,54,10,1703258675
ddb1f8ac-74d2-4967-8fd2-7e9ceae4f475,-21.632751,-148.822880,39,18,1703258675
54d7e7a1-f4ad-4a22-9ae3-112be0ed2392,-8.5569465,-0.311643,39,9,1703258675
2a4c500f-c878-4fec-b850-66b275e7f23c,66.8878785,33.519231,4,6,1703258675
da29154c-c733-4105-81ac-831ea83ec7fa,1.5168805,92.062013,110,10,1703258675
02c5a5af-1d44-4af9-ab81-3ba9b77b9050,39.6463545,149.456667,30,8,1703258675
431d1e9b-2c77-4120-b0bf-6ee34e9903a1,-47.5993135,91.931705,26,10,1703258675
b35c803d-ecd2-4538-a9a0-29d065cbb0a1,29.8149585,117.614849,96,14,1703258675
350be96b-a395-49da-8a5b-89a67ae86791,38.2206265,-96.516131,114,18,1703258675
bce0bdaa-cbc9-449f-aa22-7c4261087f60,47.961256,148.018248,57,17,1703258675
994d6e21-5876-47a5-aba1-11009820bf37,50.3642785,101.172104,47,18,1703258675
ddb4f341-5ade-4ab4-8199-2e24a5b13376,86.7677385,-73.516558,37,19,1703258675
835db97a-fb74-42b4-8530-927a5ba7f604,-19.5336305,-110.730011,98,20,1703258675
4d399fd6-d886-4d9e-b9dc-04bdd2c37505,-74.179241,118.984235,87,9,1703258675
94bdfab8-28f8-47ce-ab59-8e0a6c7c356f,-82.355348,112.105730,49,9,1703258675
745eb103-c5d7-4c97-a0cc-72f96d4a7e5e,-51.376305,-76.196726,23,20,1703258675
aa2da5b7-0047-4a63-b601-369a2d3ec1fe,-15.0647555,-18.595595,68,13,1703258675
b93e20c5-dd74-4baa-83f3-07ed00c94093,-38.1961215,64.090685,71,17,1703258675
b3bd7344-a655-4616-a57d-afee46dd50c6,77.651634,-108.876609,45,11,1703258675
260b3207-082e-4daf-b31b-2d4e6a886df9,-84.667839,-33.064514,76,13,1703258675
6f6def5a-84cd-4ec4-9953-46a24f505ebc,45.5733475,80.260519,114,8,1703258675
7bac78d9-d003-4619-9714-697d0d317304,-36.9135965,-47.200080,98,15,1703258675
e476cbdc-2e21-4853-960c-caa136ea9b49,48.7604055,172.059816,66,13,1703258675
77f00adf-ea3c-4a9f-a67f-a52695ac165a,-41.6480025,-129.704553,118,16,1703258675
d1125f87-d390-488f-9f61-4f95d79d458b,-56.012780,172.327623,92,6,1703258675
171a7d41-68b9-405a-b459-cbf077e62862,9.4741855,-81.885297,100,14,1703258675
1296b1e3-86e6-4139-98b2-36b1624e80eb,29.703798,-132.006458,33,10,1703258675
bdde5fbd-1f97-4236-92cc-5186d465be31,-14.5002685,34.640635,19,10,1703258675
4ead55f3-6f13-48f8-a01c-92ca685be3e2,-48.100867,112.135453,49,6,1703258675
52cb5e61-bde8-4d1a-a627-dc65e8fc0950,47.880653,-175.728521,71,8,1703258675
5037c381-234f-4811-a450-df476afe1a46,53.013852,-57.528951,18,12,1703258675
2d2d4b00-f3fe-4741-9921-8537773707a9,21.661226,71.091138,115,7,1703258675
100d63c6-f76d-4926-ac6e-1419ba80bde3,80.673736,-54.146996,18,16,1703258675
aefe2949-0451-455f-84df-e6072fb0cc65,61.584858,108.066706,35,8,1703258675
bcf2868e-90be-4cc4-86a2-8da20ed13859,48.835835,91.284141,6,11,1703258675
97473786-f507-4493-b01e-ff09cf172bbc,-75.215719,-60.542114,116,20,1703258675
b0f1629e-40ef-4847-8940-a51011d33187,-70.805086,-77.018073,104,7,1703258675
640ab837-1ec8-40da-ac3c-e97666df156f,-60.6843545,-102.601828,61,5,1703258675
8750579e-39ac-4a11-9a0d-8e851cdb535b,28.144527,28.235314,34,8,1703258675
0fcb8340-442a-451e-ad1f-c1488d2f50b0,-51.770737,-125.678287,40,8,1703258675
4cd7b974-27fe-4980-9076-5361e4a4da38,24.4721855,121.025545,110,5,1703258675
a77a0bf8-3c1f-44f5-aed3-db0e2183b0f9,11.453510,98.608960,19,10,1703258675
88df8829-029c-4572-8fc4-d2534ae5517c,-44.793503,166.550800,62,9,1703258675
3b3dfa6b-f09e-4f8a-b21d-8d9222782274,49.982644,17.417037,76,13,1703258675
9a759efe-4b15-4278-9914-ab823b4096be,-42.930078,-86.980066,58,10,1703258675
30add25b-9c0d-4f2c-836b-25fc0f45fbf3,-25.1262855,6.290169,88,12,1703258675
8f86d9c3-ab88-410f-a62d-cd0786933650,40.5587515,123.636564,7,8,1703258675
49acc381-9479-4293-83e8-aeb99841956e,-55.3457595,36.624237,99,20,1703258675
731093c3-dedc-4488-ab13-61fec1fefeb7,-77.6377445,20.293815,106,11,1703258675
ac5daf48-5f28-44e5-8374-6177e75dd289,53.0141865,-149.574699,109,6,1703258675
a3b25102-a0b6-4b3d-a4dd-aa257e9fec7a,18.158163,-164.043309,70,7,1703258675
677e6f9b-34cc-45ec-9626-2ab9c4168cb9,-37.5017465,152.069124,33,12,1703258675
5fc52c5a-7926-4cf5-bdad-f36c2c23053e,7.0211805,-51.376569,24,13,1703258675
d3b1f738-4c65-4b6b-ad7b-5cc16af17fb5,5.344160,102.663671,118,16,1703258675
eafce01d-9c90-4e7d-8571-fa37901891df,-60.022841,-154.859556,63,17,1703258675
c1f485b3-7acd-44ad-b224-4dc3119bfc9c,79.694690,70.224608,115,16,1703258675
8b90b68b-78ae-4f50-9930-a169acdf1c4e,-53.452303,-114.218910,12,16,1703258675
f5193eed-2b48-4213-9b0d-197f75bb7827,2.624279,-173.700737,45,14,1703258675
503c11b0-1e7a-4e08-b786-0250843ee302,-14.323665,-6.256848,116,11,1703258675
c629bced-ea1e-49c7-9f8e-a802a7ab99c2,-1.814177,27.511299,113,13,1703258675
efab8fbe-cceb-4217-ba8f-a6e7ef20f574,13.690836,-174.955777,27,16,1703258675
a9712c59-19bb-40e2-bbde-5083bc5a7682,-2.456559,9.260228,104,11,1703258675
1a392fe0-8eff-4f9f-a063-9ecddb9a7430,55.031439,20.778569,37,12,1703258675
1e29b554-d678-45f8-ab4b-84b477d2d817,58.912605,-78.835123,41,17,1703258675
5674ff5b-19a1-42a6-84d9-22d6b50b4fc6,-42.547534,164.075965,57,15,1703258675
ab0ed369-163d-4e98-9236-6e62d8f1e118,29.0884765,144.489597,112,9,1703258675
21a8259f-b66e-494c-a359-190b20863cbf,-7.5704615,15.272282,64,19,1703258675
022c4fac-297e-4603-848f-cf3ec4abfde3,-50.5832935,70.582031,73,19,1703258675
7752bf4e-2b89-418e-85c3-de8440ce80a4,10.345878,64.698691,13,6,1703258675
7704f50f-c94d-4963-95cb-82de229efe2d,-12.9915705,-17.296131,12,5,1703258675
402ed709-1345-43e3-b502-bb8afd1ede88,-71.379903,112.816138,12,6,1703258675
662aba6e-2241-4a8a-8b04-29f5f73635fa,54.3021285,-39.172750,30,20,1703258675
4cfff161-0353-43b3-bde0-fb4007932df1,-64.0167495,-75.041482,26,7,1703258675
3fc6af24-a00a-40ca-83ab-8743b3a191bd,65.331402,161.493587,60,8,1703258675
25d88e74-669d-4a7c-abdb-34b54f796a93,43.741391,-140.920047,86,16,1703258675
074cd670-0bda-46b1-96f0-ce9cc1480b78,-12.3241665,-138.843089,119,6,1703258675
9a67022d-a1b0-4678-8540-b23e0bb0667e,-18.4094665,-165.213416,84,20,1703258675
08b8a638-5697-4d1c-a67f-ba5ca4ba83f5,-58.778849,89.757649,22,7,1703258675
7f365511-9a22-44ce-b7c5-e0dcb1c30883,-41.7712055,-157.571142,100,15,1703258675
cc5139d6-4e4a-4533-b3ee-952333cff3c0,-62.573002,-129.400775,24,11,1703258675
5cebef48-08b6-4f49-9a9c-f287750d8c38,-52.374858,124.090007,50,20,1703258675
fd6d579b-73ba-463b-9e62-87cc9ee532a5,88.3639695,-92.360435,79,15,1703258675
d87ed04d-675e-40f6-a88b-9a8d26871236,-31.8602665,-26.155636,11,20,1703258675
2184adda-bbf5-498b-99b9-a1c951afc1ad,22.363803,121.955868,17,19,1703258675
784b76d7-b402-451a-9a68-0421e9c515a2,20.570401,35.110086,31,16,1703258675
cccbfe1c-ebc2-4e60-a715-4084b720c0de,22.559103,-72.341475,64,16,1703258675
a4298d26-22c8-42a6-858c-2476472e5d5e,-25.6972455,45.492981,102,11,1703258675
3303632d-162a-462a-86f7-46374edaa5f4,77.121328,37.452310,12,9,1703258675
fa5e525a-8b2e-45b0-912d-4463bce02fa5,-76.1677315,-108.152496,24,11,1703258675
abfcef47-d864-4377-a585-618548d6b361,89.9484725,155.281587,67,15,1703258675
a957b9cb-a059-4049-a89b-c296c072dac4,1.840175,-168.117537,35,6,1703258675
88d166e4-89d8-4cb8-9cf8-da3547ef1df7,88.002123,-56.028777,23,16,1703258675
ccc3cf6c-2702-4e28-b63b-ff245b7b16a3,35.8540905,-177.905352,26,19,1703258675
6f7976fe-9c75-430d-8964-d0a20e8fc60a,-65.7463115,119.544277,67,9,1703258675
031feac6-4ac1-4b39-ac2c-4a0edd4f4990,-16.564980,-17.547396,25,17,1703258675
68b63248-f1ed-42ab-8d50-9cb231262e7b,-85.2046665,130.632854,103,11,1703258675
bcd4239e-a372-4c14-acee-fd245f503412,-33.848792,118.885543,26,18,1703258675
a147f91d-7b35-47df-82c7-4bd4e0692baa,-60.8624755,166.160060,7,9,1703258675
1a3aa1f7-8e1a-460d-80d4-08fbe3ce138c,-12.3699805,165.481631,40,14,1703258675
1e29a897-1716-4074-9f92-83853448a9b9,-88.2347015,-174.345257,61,14,1703258675
a12ac1db-c29d-4f11-a698-bb97da217519,5.821048,67.332802,20,13,1703258675
09562595-0fa4-49f6-8649-a33af665a3ab,-21.814338,-37.334998,22,18,1703258675
e240c61e-1101-439c-b6a8-95840fdd204c,30.1897105,66.397442,7,13,1703258675
23991ef7-94df-4e99-b96c-1f85cf1299fb,4.3855285,-74.274799,92,20,1703258675
d2b83ae5-5356-4bd6-a00f-1001e7d84c49,-64.1916225,-113.133435,25,6,1703258675
344ae787-1c52-4622-a1cf-78e2916edb65,-50.1441945,-147.273212,85,6,1703258675
4a8ad73e-d9cc-4831-a58c-217534da83e7,-25.555195,-93.171411,28,20,1703258675
3687ea5c-d82a-40c4-a816-20bc9ff93052,29.0209325,90.105895,91,7,1703258675
6d577af1-b6cd-4fee-973a-2c6ce7690299,19.571786,-109.105053,112,15,1703258675
19cb2c70-6538-42bc-beac-71ec6f47a689,50.1494535,-172.563107,80,20,1703258675
9eebfc75-fa4a-444c-9624-b1353109f378,-50.370441,169.330961,21,7,1703258675
e43354cc-6d54-4876-8bbb-98c9ed6337d0,-67.360555,-69.371644,5,12,1703258675
f405a623-2544-4b34-8cff-2342ae318b3e,-82.862272,39.534012,116,10,1703258675
3209cda9-3226-459f-8f92-663109245c8b,-74.9253645,52.567444,20,15,1703258675
8d13a3bb-9e8c-411b-9a55-23da7dcd44f2,71.1154985,61.665438,91,9,1703258675
45519e8d-924d-465b-aea6-5877caf691c3,-7.877211,-24.279276,99,20,1703258675
a148fc65-e717-4fd4-9a25-3a40fd3e40bd,-73.244808,-85.501072,37,7,1703258675
2b597a62-8e12-486f-8b40-6c66f8496d80,18.080701,100.682175,35,12,1703258675
a824de50-0697-4d6e-bd80-f93cc0491fb7,-56.250337,116.843865,49,17,1703258675
931ebdeb-c82a-448d-a89a-b2bd4ab70801,63.6529175,-95.015219,8,19,1703258675
4ef4e044-c067-4a2a-a836-88bd0bd5d7c3,-72.990445,-51.424820,85,20,1703258675
81c1dc7f-4fbd-4fdb-a251-e49462b1f238,-52.9767345,-24.944511,93,5,1703258675
013d94e5-67ed-421e-aa10-543b004ca359,-12.882260,-11.295873,58,5,1703258675
d503e9de-0894-4a66-8f23-878437bc815c,22.708833,-121.291653,29,7,1703258675
141f6501-58f8-4341-a42b-4bb57212c5b3,-52.4394025,-31.024317,78,14,1703258675
5d4e0a71-3f77-4db0-921b-5ba1c17195bd,26.244195,84.095920,45,10,1703258675
2832bf75-518f-4cf1-b349-fc2dc5192f9f,-9.263375,177.860961,64,17,1703258675
1f183676-5fa9-4090-82cf-cee6102d76cc,-0.531842,176.382282,101,11,1703258675
40569bbf-9af1-4922-9019-cec67c328a7a,-44.0075295,-6.684344,36,12,1703258675
532a3ba9-5a3c-41ce-90f5-205f6f12c25d,-59.467354,176.313908,116,11,1703258675
6534cb60-6b19-438a-80ae-1d50e521f260,-51.934185,-46.369128,88,6,1703258676
15a2d243-c818-4c40-bcae-0d744cd2eb30,-43.0932405,-143.593884,48,18,1703258676
85d93a00-b0ec-4c1a-befa-857489a96e14,-29.437161,25.999809,80,15,1703258676
8a6378cf-3336-44c5-b134-267d727a4f07,-57.484350,-128.853026,24,18,1703258676
1bf5c591-7102-4e44-928f-f92380b14de6,71.244481,28.005339,62,9,1703258676
1cf2282f-fd8a-4b0c-8ed2-668bb890b309,-87.6162625,133.757935,72,6,1703258676
4b33feba-7a5f-4cf6-a48a-9c865319338f,50.0072645,-100.044404,20,10,1703258676
8ccb2b6d-7754-4b40-b1fb-b42a5580e814,-27.1776815,24.023919,67,12,1703258676
8d444e84-ef54-485d-b566-8fb1433af467,-30.327062,6.956012,17,18,1703258676
37e9d02b-b4d1-4a2e-b34c-b50be82cff16,89.550277,-114.230608,59,16,1703258676
0b8d7d22-bbf3-420c-a75f-4f16ca721fb4,55.4219855,167.422408,31,11,1703258676
6f220fc0-c342-4da5-9e11-8a047d0e5645,58.4593015,152.433802,47,15,1703258676
321048b0-c6ab-423e-a15f-fecb67524e20,-64.4463885,66.520823,78,14,1703258676
d1cd1fe1-1caa-438f-a0ef-472508e99728,-52.6084435,-178.805770,47,10,1703258676
c7efd6b8-0ec9-4c1d-82b6-f6b5a5a8771e,-46.334219,-114.525214,20,6,1703258676
9cfb23ba-a2e7-4bfd-b3f9-e5b66a31232e,-39.699848,-27.119049,38,8,1703258676
658714f6-dfc8-4d51-a2b1-7579523051a8,21.2938935,-62.721759,44,8,1703258676
f78b9b5f-cf5c-4464-9627-5efd0a6d65f7,12.7286235,-164.640006,108,10,1703258676
cb1b68c2-ff18-49ec-b173-c1b39f61f858,36.2709665,-167.967525,23,20,1703258676
2cc31b1c-3c1a-4add-8f04-b8d39e043318,-66.3418915,-160.823583,59,19,1703258676
f292a509-e7fb-485e-babc-d621e3fba455,-48.631421,94.070763,117,11,1703258676
990b426a-704a-4683-8ab3-e5bc15cbcb3d,-19.342400,141.881133,30,9,1703258676
1f110ea0-243e-48f9-8388-cb29007f9c86,-23.3317375,-139.942062,56,12,1703258676
487809d5-05fa-463d-a7bd-f2d6b1186614,67.2092525,-31.505240,48,7,1703258676
3f5e8c5a-5fdb-41e8-b486-8b5bc2552f65,-59.7982695,155.581012,106,18,1703258676
ce65e0b4-ce8e-4e6f-89ec-aa75eb9bf915,-37.7270295,-158.056310,75,7,1703258676
62b202e1-4847-44cd-bf02-7336d3b6f5e9,-28.8669425,-4.138946,98,15,1703258676
860ef19e-cb66-4fa3-a8b5-bb546fb0c559,50.841741,-155.738506,49,13,1703258676
5e3d5137-f1bd-4718-8d5c-c3d741532da8,-15.8310385,29.538978,77,11,1703258676
8cbc485d-cb29-45f6-91ff-b40079fa07d7,88.6620445,-176.588779,45,13,1703258676
f1759268-3f3d-482e-a02e-ac9d164abd44,-7.082325,-99.122204,83,12,1703258676
c7ba2c87-c877-4d39-a39b-9950ae5c6397,73.7671485,131.479013,80,19,1703258676
e7397d96-3634-4cb4-9b71-885d2f47caed,34.6017245,14.523653,19,13,1703258676
54b1ecd4-e781-4b14-84db-b4b45a881088,-12.5510385,60.027424,74,10,1703258676
484bc53c-3ff6-426c-b22a-9004e6cc9258,-43.113170,105.370706,2,17,1703258676
29b7d1b3-bd65-4050-b2e7-7c63a0036032,-34.382905,15.787984,17,15,1703258676
4bbf2e1e-af37-4eb0-99b8-1f2a2feef37c,29.986813,-130.185228,57,12,1703258676
305d54a7-2e34-47f0-9430-4fbfdf9d1828,-41.992229,-22.803812,47,6,1703258676
02200371-7085-4d92-9141-b81783a841b2,-16.991485,-142.382342,42,6,1703258676
a8a821fc-8cef-4b91-a965-abee9a7ab738,88.5387895,-9.721290,95,9,1703258676
882bcb81-5e5f-47cc-ac12-81a3c30c1432,-52.669925,-170.143764,106,9,1703258676
f76fd398-3e99-44c3-9e24-1de173881403,-61.3294415,-17.957903,88,6,1703258676
fe46d0b3-8c93-4249-8db7-f5342e0fdb41,-2.848639,97.787890,100,12,1703258676
2b3be8a9-cc39-44c0-b148-62fd32624adc,-68.1639085,48.338811,26,13,1703258676
68df18ce-2660-44dd-9323-6b73de0b7f43,-73.194368,38.930814,73,20,1703258676
1b9f72d2-a173-4dc8-a537-5ca97d1eb0fa,-65.589104,-86.816093,37,20,1703258676
13755e67-3c17-4c0c-8ec7-f26214a070a2,-37.8518515,82.279144,50,10,1703258676
863ace76-9057-442a-9caa-e10e497ed6ac,75.0767715,-170.935243,100,19,1703258676
ce6a7339-779f-45a7-9b95-7e569a91563c,-0.6136915,-179.734925,52,11,1703258676
1581cb6b-96a3-43ed-b324-0be7a9b6a616,27.518479,161.618488,69,13,1703258676
c49560dd-c634-41b1-bdc0-dd53b9774529,40.125588,24.432634,97,20,1703258676
81fe8717-884e-4996-8cc8-0c886e8c42f7,-78.852196,-98.297423,118,6,1703258676
1890039b-9019-499b-a69c-dc5a8fd0a7ef,1.065835,-12.268984,100,15,1703258676
284a1b85-fa20-476e-9d4b-f99b36bd97f5,-28.1326265,109.409308,100,5,1703258676
17edac4c-26f0-4652-807f-cc79f148f0c5,43.0939045,125.346276,3,5,1703258676
e19af495-52d3-4d47-8862-735bae260719,57.2689975,143.945174,92,6,1703258676
98e2feb8-6156-477f-9964-ecda0d3282c1,-78.120941,31.191091,108,12,1703258676
2a8cc51a-6e3a-4d02-a57b-3855c7019cf0,-45.509362,54.924034,87,5,1703258676
42f57974-17a1-4406-8c52-c222fc25e803,-4.854995,56.922018,85,16,1703258676
c5e28800-30ab-4edb-98e5-68c29d1bb129,-20.772998,-63.691438,14,10,1703258676
3f62b1c8-9f66-42c9-bd6f-845ed825c2bd,-77.024710,112.155697,27,8,1703258676
596f4368-a3e0-4ba6-a9c0-95c51cc85d09,-83.5389475,-56.852693,30,8,1703258676
1e9e6bc8-2145-43bf-b44f-2c2bfbe50a86,-49.6232655,90.867083,95,9,1703258676
bb0bfdb2-f771-41db-951e-640e64a8173a,-29.831019,-133.737737,99,9,1703258676
19233b1c-3ac7-4763-bc28-6442cc2005ae,-85.8869405,-167.783108,77,19,1703258676
f21b4eca-c17b-4dec-a548-8495c6502b07,3.681021,113.289303,61,10,1703258676
a577a8ec-4671-462e-a210-6709d3253438,-31.918935,-12.410662,111,10,1703258676
2df632ea-0bfd-4626-a134-b9f889003538,-86.4248445,34.802583,46,11,1703258676
14b9ab37-3025-4c78-8fb2-c51f539bb8ca,-49.121436,-25.157240,98,12,1703258676
bba595b8-497d-4e32-ab51-28ad565d66f1,-83.5666225,130.206614,55,5,1703258676
361caa71-b32f-43ca-8493-7f7509305b7c,-27.6076415,32.865131,59,13,1703258676
009b3324-51c8-4dd0-b32f-bc72873e0b52,-24.1436205,-175.428940,24,10,1703258676
21033260-9c77-46f0-a289-c51a781e6011,61.030445,-153.427717,100,6,1703258676
5f912d12-43dd-4982-8ca8-9bf41b218bae,-27.6183235,-161.852714,85,14,1703258676
210bb94a-e873-4c58-bfc3-ff359cbd1326,-78.439383,-76.339617,30,8,1703258676
ab621c8e-b839-4740-8296-a8fc1bb92e7e,73.7800425,-34.395281,55,18,1703258676
dcbde05f-61b4-4ab7-b2bc-633dad99c65e,55.577273,82.459503,18,11,1703258676
a1640972-fb87-4ea7-a3d2-397d396b3c0b,48.656780,32.078458,39,9,1703258676
b20a2f20-b440-4625-a6a6-b691ecd6ffd7,-50.7180945,-130.940485,21,19,1703258676
bf0c0958-0c86-4ed0-9915-184e5a7ac746,30.3897045,-34.367045,110,12,1703258676
92d99e96-65ef-4e14-adbd-85e451db760a,-39.6500515,50.223847,89,10,1703258676
b410ec71-934d-467c-a245-092b2af96608,25.6341115,97.932256,86,9,1703258676
40753b87-f7f0-4525-9321-2ad2e2797f19,39.3569785,63.612898,19,14,1703258676
702346df-df40-4662-ba76-a2cf83b1bb70,45.3631265,-58.155517,28,17,1703258676
79a9d13e-eb69-41ed-ad22-81c5893394b0,26.106062,0.912322,99,10,1703258676
db4c0132-0d93-4d16-8ad4-3b94dda60fc2,79.029798,-22.631913,64,19,1703258676
cb4c4db0-98cb-459c-9b1d-517973d4328b,-14.9760795,-174.998600,110,13,1703258676
ad0ae437-2f9d-4ab0-b5fe-06a5976a1e59,59.693051,81.257087,39,15,1703258676
b911ac0e-9a13-40b4-a2a7-f5540257d912,77.629421,-40.516424,107,12,1703258676
370d72b8-e107-4063-81ad-a3e1b3af7641,59.947492,-37.627333,23,17,1703258676
3a86bbc7-57f6-438b-bdea-b01e62a044a0,-22.0377275,39.440917,57,20,1703258676
15b47ca2-47bf-4eaa-a93d-0a5d6a2daf6a,21.6825855,96.709612,37,12,1703258676
a3cd6553-46f6-454a-b176-ae808534fa7f,-19.8887485,66.670196,4,14,1703258676
b097d022-e77d-49d1-81ec-a01d0f507a09,-16.1325695,-62.289709,99,7,1703258676
b50e4fcd-0dab-44ac-a203-39b4ba2eae02,2.4281715,115.223392,38,20,1703258676
c0cddf28-ad51-4e77-a51a-9bbb5c50ed28,68.0119445,-139.411710,89,5,1703258676
87d77bb1-da56-4a36-8541-6ab22a72b6b2,56.0958005,155.475517,1,9,1703258676
6798afa2-0a88-47f4-91a0-557dca5e627c,85.549186,-75.367190,61,5,1703258676
718b9673-8fb9-4ac9-94d0-4f6f614423f1,0.0009945,-101.080957,85,7,1703258676
14b26a60-b328-4588-a406-b785297fc13d,-88.983738,145.668351,82,16,1703258676
c8ff6c2f-c7c3-4bb3-ba66-f704401e1610,81.6477795,-87.623438,14,19,1703258676
18d68a88-e0ce-4ad5-a12f-604905c8c92d,19.520834,-68.543485,62,16,1703258676
ab576989-b41c-4772-9665-2355e0dae0ae,66.353655,-110.520578,57,19,1703258676
eda55e07-275f-4ebe-ba88-7652bae44750,29.7915445,10.807291,23,10,1703258676
15271c83-1d95-44e7-81ad-3a7aba32e9aa,-83.1304795,-54.032417,76,9,1703258676
fa177da6-50f8-4d33-96e3-a269629412d3,-30.1584455,-21.169155,93,9,1703258676
879a7ed5-5d69-4670-92ea-3d60d0c4e0bc,8.960222,-82.039539,77,18,1703258676
5b3c1732-2d49-4e9e-b3f8-ff1274dc3eb5,61.799474,95.453876,53,11,1703258676
90d509e1-ff22-42da-b155-a89516010ba0,-38.424870,-33.884328,119,6,1703258676
00a81c3c-e748-4f2e-802c-b311f0cba79c,-75.545229,-102.703914,68,11,1703258676
368f8b13-9fa6-4a57-b2b9-acbccb3b173b,11.7878905,74.484313,104,9,1703258676
c4b75791-b54c-4cd5-80a3-9046362eff7b,-62.269251,74.669633,108,11,1703258676
7d896d3a-650e-47bd-aac4-637ce2aed4fe,32.923598,60.072659,63,11,1703258676
37a19fff-3c9f-4c0b-8f28-715bde182708,77.3839655,-179.258524,100,18,1703258676
b36ed859-68a2-4313-ad2b-32f987b610c7,-80.4861145,148.237886,53,14,1703258676
5dd0a0e0-dab4-4b17-8173-e100357a4b8d,80.323583,-27.962052,65,17,1703258676
3346ce16-287f-4913-addf-25994ee04ac9,-33.6180885,-101.361085,5,18,1703258676
70de0adf-9569-40d3-acda-bfc93187fa63,4.918226,23.993309,97,11,1703258676
0d5bf887-a063-4bde-9b29-3f4f3711d98c,77.098731,124.811194,105,7,1703258676
2ed494cd-02f2-4fca-b190-c973b7e76ee5,47.471498,20.250514,63,20,1703258676
8c947257-c8dd-4986-87c5-850b88a7c33e,79.562935,18.933705,32,14,1703258676
ef02a84a-362c-42c3-ae1a-786b0023f7e6,71.9433695,84.441838,84,7,1703258676
c9587a1e-0473-4b97-9aa5-5a01c2e962bc,-4.890290,-64.369277,73,9,1703258676
8308f732-cafa-43fb-9ee4-d499a97afc44,57.493336,4.643119,50,7,1703258676
551ab071-149d-418f-b965-51c7e4ad629f,34.3994935,35.339657,19,17,1703258676
aa6f453b-68cd-4ee2-a5fe-4cf7fe29f7b2,-87.5648665,-34.560845,46,14,1703258676
4418f304-dd50-47ee-a5cf-ef82fdd16340,-5.7346055,-142.222709,51,12,1703258676
a3e92835-61b4-4188-b2bf-64e1b5c6daf5,-19.5667775,-64.638531,101,16,1703258676
e1482cb3-f9bb-4f82-b479-218c5a4a23a0,16.8358035,-157.512606,0,7,1703258676
d33db6ec-9f4b-49d2-bfc0-d2df0719babb,14.369357,-80.171585,111,19,1703258676
db771c2f-871d-4f3e-aad8-b7309066639a,74.708840,44.933198,78,13,1703258676
64b649f1-e91e-4427-a61d-e18c8fb35f93,-13.4714935,-2.541866,104,19,1703258676
055b7fd8-7316-47c7-a42b-047871377977,55.542032,-9.901540,10,9,1703258676
80224624-e949-429c-a355-eb31c7985326,-2.572476,128.043011,35,5,1703258676
57380403-1c93-47bf-bb9e-2ece4131b105,-46.5529065,-146.967539,59,6,1703258676
795566fa-57cf-4f2e-9422-9dcef243cedc,23.354708,-145.629547,119,15,1703258676
1886dff7-1bfb-473d-9e08-7975ea24d342,-3.740480,179.153829,8,14,1703258676
a539f90b-ee41-4b74-b626-d4220c390596,-20.2771945,24.750411,59,15,1703258676
11b5b332-a770-48e5-9c7e-f930d42577d1,-9.2366025,-168.092766,26,14,1703258676
54d63d21-3d04-470a-b01d-dd8816089600,-1.693871,171.453557,51,17,1703258676
a5d66ab2-f2d7-4516-be75-29705f277f90,56.343300,-56.655819,96,10,1703258676
1984fb76-f5c7-4b8c-972b-b8eec9e7fde0,-27.254078,36.116787,41,11,1703258676
6da4b2af-06d0-4885-948f-3c7f2bbf9e5b,-88.5424975,137.755987,55,16,1703258676
5e94405e-1ad2-42d6-9acb-e77452ce9a85,87.149314,-80.103843,56,10,1703258676
93328083-a77f-423d-9640-6c8ae1636838,19.667876,-86.099182,105,12,1703258676
ebf6d5fd-d9d7-4552-a2bc-9a69bd66b93b,-60.086144,-17.180690,37,14,1703258676
bf843872-4f2f-4416-9cb4-dfe3acccffb0,-16.117813,-124.408423,1,14,1703258676
70545fc8-4689-4a6e-9597-b80877eae763,-31.2033675,-8.842766,73,19,1703258676
eb27ca62-3ade-4152-8a79-8d05b8c7f28d,-31.594503,-123.400759,113,13,1703258676
eddedf38-8042-48c1-8fc4-d9878e421443,51.7233845,17.240750,107,20,1703258676
cc36f0a5-1099-4f30-aa45-5e211fdc86e1,-62.8688775,-151.349245,117,10,1703258676
88b18cb5-f310-48e4-b770-1431f03d789f,23.526542,68.506050,91,6,1703258676
44f9d31a-1462-4a19-9fc2-c1e6d8002d43,-46.892134,133.334782,42,7,1703258676
196e9dae-fdc0-4254-9126-6a97c0faea98,-81.0678975,139.330496,118,5,1703258676
7b2b9138-2bb4-4d08-aeb2-890510bd1a35,-57.338344,18.661131,87,6,1703258676
22176b13-298b-43af-ac11-b2d881dc54bc,-15.6877235,60.646022,97,17,1703258676
7e5a1728-a576-40c9-93f3-429a7d383e65,-10.858600,13.355664,35,11,1703258676
9ca8961e-3164-415c-b457-6e7afd0c8d42,-65.469478,111.008989,35,15,1703258676
6f10d56e-0298-4cff-9d03-17b86d99ce14,26.877250,150.115815,0,9,1703258676
119deaba-2c45-4848-98e0-cc34397c8615,-37.178125,-9.651257,17,6,1703258676
636c122d-0e56-478a-98da-7a72bb1d7ea2,-9.8807455,36.305807,50,19,1703258676
1a888e4f-d522-4868-8ee1-21d1490484e5,-16.4022355,15.362356,40,17,1703258676
a3074bba-7cff-4241-94e3-44675c9b2a31,-39.1111765,84.825102,94,8,1703258676
3763daab-0866-4cbf-9e2f-20638ae0f7f6,72.5659435,-71.522070,104,8,1703258676
185b38fb-40b4-449a-93bd-e7e6a253f73e,8.0242815,86.613178,105,20,1703258676
e015d2ea-5181-4170-b5c2-925210238e7c,4.975948,-161.556454,55,20,1703258676
65f427b1-b90b-41f2-88a4-e485402b2525,-84.051437,117.039944,66,7,1703258676
ccd35ac5-e079-4841-a3fe-646a0c1c3fdd,68.5973795,-19.878272,39,14,1703258676
8773f62b-af08-4e42-9521-6050bed0d60c,33.193868,107.898880,90,8,1703258676
0cca98c5-9886-464e-b543-477057cc024a,-86.911144,-144.586627,4,17,1703258676
e8e80633-27e7-479a-b53c-0d65b762b043,-16.1934515,15.879003,109,8,1703258676
16ffc4de-37b1-4324-b235-933ae201e09c,-56.3878155,-165.538865,58,10,1703258676
a781ddd2-0038-4d55-a152-7b1f0dff962e,49.838130,-50.525844,74,6,1703258676
be58238c-cde7-4549-bbe5-5f9f2bf3b8fc,47.2303855,50.129231,85,19,1703258676
e9f7ce93-46d9-4475-9d75-c688cd0eaf5e,-46.5149785,173.721816,62,17,1703258676
d60b98d0-62a8-4792-9ae5-eed5ad5b74e4,67.5961035,53.463439,80,16,1703258676
e0a05d7c-e32f-4221-a455-08992b26c66f,25.6113815,-54.906084,76,11,1703258676
48d58580-4128-497c-82a1-b14dbf9cfe49,-1.6287805,53.816987,82,15,1703258676
0bd9a66c-4983-48a1-bbbb-3c1790ddd5a6,-1.427572,-84.976671,0,7,1703258676
be37660d-001b-4b96-8978-5364603a49c8,-0.473908,47.409210,119,11,1703258676
e2799c9c-3dbe-4ab8-a828-3d9630e1a192,-78.030155,140.298079,115,13,1703258676
bb5d6cee-48ea-46ea-8a72-fd9df815339e,-19.3007525,-125.583487,88,19,1703258676
444f958d-a33b-4083-8168-d9439718c911,47.373116,115.031884,108,12,1703258676
389b24cb-cc84-4c2c-92a0-6b424a793771,54.0108965,106.563130,108,10,1703258676
3a5607a1-47e8-4bf2-a168-ca363791df2f,-38.797202,-1.354620,49,10,1703258676
ce0c6512-04b5-4520-b3ee-adf210152374,-27.467190,-74.080254,73,5,1703258676
d487ad77-de43-4fff-af82-58e55b2e071e,60.0498945,-102.014727,3,9,1703258676
5014880e-a6ed-4972-92a3-30bf62b8eb6c,53.2447755,-66.560145,33,17,1703258676
059ee283-eec3-4e0c-ac5f-f0e209b744c6,-42.0792175,20.808122,91,8,1703258676
a1392ebd-4ea3-4dde-9e92-7508989edda3,-63.909285,-46.002384,60,6,1703258676
854af85b-817e-44fa-904d-85f1fa5be0a9,32.0944375,-160.479509,26,8,1703258676
c28e4c34-db64-4fb2-abca-f985e8c3d750,-10.575240,167.922980,7,18,1703258676
a13f7972-b735-4f87-bd2e-b0cdb6bd599d,-16.614059,89.574785,40,5,1703258676
6bf17f9c-2cab-4b95-9cc5-b0913b9c4e86,45.4591345,-17.005555,28,11,1703258676
fd749318-1654-4406-acca-c1d3692556be,-42.4779905,54.877857,108,18,1703258676
97e17628-3c24-47b6-a3f8-88b81a6d307d,-44.850316,-168.563451,25,16,1703258676
6c36d8aa-91ad-4523-9039-c3ed4a1cb1f0,82.277538,116.036399,75,11,1703258676
73df538a-eeb8-4eb2-8b77-2040169cd8b1,-66.6027255,138.605265,3,8,1703258676
3b6980b7-e1b4-4ba4-8c4c-860bfbb54a66,-16.919451,-51.374259,8,13,1703258676
c61094af-f301-4c57-ac8a-3c2a73ff86b9,-61.0901615,124.716201,45,5,1703258676
21e1ac55-8928-424d-ab7f-996a1237e2d8,40.8917335,148.664882,57,19,1703258676
33a70bf7-a2ed-42fc-b67e-16565cf5d36d,74.4243215,-112.820517,110,11,1703258676
dd02a2fc-6dae-4354-936d-3030a744f47a,-81.183015,56.256807,107,14,1703258676
eaf0b176-c324-4cfb-8d86-7f7470831803,-22.6574255,179.391126,75,12,1703258676
e4b82beb-fea5-4445-8cda-94b35ae93e24,-0.959669,148.140800,75,13,1703258676
8a12bc06-5f8e-468f-8179-aef7ebfd4fa4,5.4049075,-169.337700,78,18,1703258676
aac23f21-94ab-4d30-b038-fda3d273141e,63.817463,-77.282305,109,14,1703258676
40e76c7d-deb3-402c-a336-1fd16eafbd22,86.9066155,16.261385,37,11,1703258676
9593fed9-cabf-4e23-a44d-25c00e4727c8,17.0290975,167.058605,57,5,1703258676
476ca933-59de-4b09-a002-024f0bfe534c,-79.855610,-167.238533,26,6,1703258676
897a44c7-c72c-4c5e-9e6a-b5c21447f05f,9.2859805,-177.562756,53,10,1703258676
0a965173-f904-4237-a1d9-5a82abf70195,-49.3278155,161.104524,27,17,1703258676
49a34e08-6dbc-4e28-b0e5-a0e78fdaf632,25.034175,148.787445,78,19,1703258676
07a86ba8-e847-4811-aa19-7d7466f4c66a,10.734732,175.685294,74,18,1703258676
626f3768-a038-4c3a-afb4-c988a54d56c2,36.868370,47.965127,11,6,1703258676
8afae0c0-b29b-4b1c-aee1-98a19570d210,65.5056095,27.915142,92,5,1703258676
c40ae63a-1e1c-4063-b51e-a10132b29af8,3.762964,5.659979,118,6,1703258676
c8d1f62d-d463-47f1-adc9-0f7606f87a32,76.840163,-122.945854,114,16,1703258676
ee65b697-fbdd-45c6-bf0d-71612422b3ce,-75.330596,-148.754550,99,7,1703258676
c43370f9-0233-4220-995c-ab1f167d421e,76.643173,-151.049408,117,12,1703258676
daa1ef85-4523-4c85-b9a4-5bffa3faabc0,39.538257,164.687866,40,9,1703258676
330870e8-1a22-4356-8082-8382a17cada6,9.984743,-99.052639,60,6,1703258676
38f3508d-14ca-4c71-b826-c3dd11a52279,70.7680605,-95.459732,112,15,1703258676
2b05ba36-122d-4e54-80f9-720d2a32beab,-77.680612,-22.949681,60,6,1703258676
915525f1-85dd-4701-a94b-a69889a24b3b,27.8179815,123.926925,8,15,1703258676
daafdec0-a930-4dde-8701-db5be14291b7,-39.8497765,114.941027,37,9,1703258676
47a9340e-d00d-4346-baa4-353830321f37,4.062347,-84.442547,14,20,1703258676
f23871b1-e2c7-4127-81d0-da588749526c,-8.0166715,88.627984,57,14,1703258676
9ee84324-e89e-4b9d-8d5c-da1477d38a57,-21.167355,10.124222,42,12,1703258676
c7a6b3c7-8b0c-4978-be1c-3b6d50e2a2f9,-37.222785,-23.777553,116,17,1703258676
101c50cd-0124-4301-b111-92e393b25aa3,-19.836368,17.220151,22,15,1703258676
2b89f72f-85c7-422c-929d-fece213aa451,24.432815,176.515511,107,13,1703258676
880eb562-b8b0-4200-a5fb-1c1b9d80025c,-74.6636315,6.254708,43,7,1703258676
82c3aca5-0d63-4fc8-a1e5-ccb4a86dbe76,-50.234597,-167.696079,13,20,1703258676
7a957a8f-06c9-4f5f-ba44-4987fad9a612,-60.6358585,-142.852481,73,10,1703258676
92540f86-fefd-4f5a-aa8c-16ca0c78d941,16.711908,-126.437921,36,6,1703258676
18cced16-3cfe-4955-abdb-60d312dd1c95,34.145979,-52.313467,75,18,1703258676
6ac12a42-2af6-4007-bb11-0afd7ce572e6,-89.831968,3.221000,101,16,1703258676
4b25d454-41cb-4f30-86b1-7e1600950478,72.043232,-118.168471,80,17,1703258676
fb4f2535-0416-4baf-9336-1dcf6a725d10,11.0197885,-82.005133,25,19,1703258676
f2228227-f9eb-49de-8b26-7333248d553e,84.951674,-172.614303,111,19,1703258676
49342ada-9e3e-4087-a11a-027eaa22440b,59.125326,127.074326,25,8,1703258676
8afebf23-2fc9-46d8-95a2-ae8ee0f88f8e,-86.864043,-165.984236,97,20,1703258676
28e2daa0-329c-485e-bac9-d051d580e7f8,6.810076,55.427941,82,20,1703258676
fd34329a-2ae5-4ffe-9430-2f58dab3294b,-12.5732395,19.997244,120,13,1703258676
2f629f87-abbd-4229-92fa-928b3a196b87,-0.8299375,-94.587587,68,7,1703258676
9b97c90f-b911-41ea-9be8-b4f7fa1f72e2,48.404318,-161.670809,62,10,1703258676
d3575c47-c1aa-4307-9956-68f5a4277d9b,8.2745255,81.308647,23,11,1703258676
4bfc2952-4438-4fc4-8f20-027c5f97daac,-27.620462,-48.243324,15,11,1703258676
6e310941-b4b8-49a7-a11c-dea93c95d87f,-33.9720455,-57.832274,63,20,1703258676
643d376e-999e-4288-afc3-1ddc5f1abedd,-87.7050505,143.407113,89,9,1703258676
3ea699fc-98d7-433e-a963-8e98dcb12c46,-30.642786,-8.799568,6,14,1703258676
886b4895-1f20-453d-92f4-f0554e84181c,31.7962375,-46.157810,98,15,1703258676
9111110c-c845-41f7-9177-974338ef7aa3,-22.4076985,65.765321,24,14,1703258676
6caea52c-a332-4ce9-b07f-4c13c7f7fd13,23.717195,-8.089881,70,8,1703258676
96393cab-8797-415e-8caf-c6c47fdd21fd,-89.2007075,-35.764207,33,14,1703258676
34bd024e-7512-48f5-827d-310058933b1d,-22.9143195,92.226916,118,8,1703258676
c360ea66-f5ca-4d95-9894-3733b481644d,22.6166315,-1.800934,66,13,1703258676
88e4fd1f-242a-4c49-b419-503bb08e76d6,73.136751,112.702010,75,11,1703258676
c19a74cb-9b5e-4eb9-a2a5-3a429b5e5a89,35.1095365,-118.252601,32,13,1703258676
7aa07d2d-f0b4-4d9b-b89d-71a9d596225e,-60.776909,53.896398,105,6,1703258676
d63f3bde-5cee-47ad-9bea-fbc874c55358,-42.4721505,-167.395965,72,11,1703258676
1bf15860-dca6-494d-841a-443ef8e0a282,-28.193066,132.758082,1,18,1703258676
86b0b257-9fa4-41b4-b605-d5ab37697e32,-48.457645,28.995783,48,14,1703258676
1cbbc830-ef0c-46f4-a943-47e0b8aabcd0,-37.7648385,-118.984986,7,18,1703258676
e4e6ee9e-7ff4-40bb-a983-19311c8eef49,-14.526508,-121.158155,32,8,1703258676
d7bafdf1-8ef4-44f7-aa23-abbf0a589428,-6.084705,-151.841589,4,8,1703258676
5b8a75fd-7e05-40cf-8df5-01efd94de201,-87.786694,-138.089162,55,11,1703258676
4427c6c4-833c-417d-bf9f-a1a7f05cee91,68.421035,-85.436603,34,20,1703258676
22a2a9a8-31a2-4321-b6a7-7595c689244f,49.4772445,-101.023664,72,18,1703258676
e1fa8bb6-1275-4439-a8ac-9d17e11f76d8,-60.166174,141.498096,47,18,1703258676
78fb6d48-171f-4604-b250-58ded7355468,-49.9300355,-95.126757,5,17,1703258676
e3872826-e2fa-47b3-b739-6fb96fda6cf2,-62.826436,103.966448,28,18,1703258676
b2fed150-6c84-4a54-8345-d7e37a84679e,83.809569,112.046996,109,15,1703258676
143a3151-0185-4d27-9d11-b244594e5f85,-44.432189,75.860060,0,7,1703258676
46622744-84b9-489f-87df-9b7defb69957,-31.5706765,-107.719302,54,5,1703258676
59666c47-a2c7-49cc-ac04-2022347ff7cb,9.8562835,24.910093,75,7,1703258676
dc08afe3-6fe3-4e16-b074-654b42a13d40,-38.832158,-59.433987,79,12,1703258676
ede6f83a-5ee2-4ef3-95ca-e1241a1bfd2d,6.7002395,-50.886518,9,9,1703258676
3a383a9c-7308-4475-ba59-3961db105f12,61.045731,-84.473402,71,6,1703258676
0f0d4c0a-9bf1-417a-a75d-9b5e95f6f8ab,-34.9371975,-157.904315,40,7,1703258676
d59f6f97-5697-4a09-9d31-f873ec09b8a1,-79.1761265,-22.696621,11,10,1703258676
ac72f9c2-71b5-4e0f-bcdb-a8475b25bc81,-7.428194,-42.974504,118,12,1703258676
0bc9fc9d-809c-4728-9e21-a2a57324dc1d,-18.4848775,109.856933,98,8,1703258676
b67894aa-d97a-452d-864a-507ca4dd0c59,-47.6880325,-8.132804,95,19,1703258676
0d1f6865-6f92-4b64-9b07-40ec0fd4bce8,-35.552207,-147.350275,32,14,1703258676
8cdb3f0f-c27e-4313-80db-7a2de74927e9,-9.125492,108.323988,82,20,1703258676
0f584c91-2247-44a4-9fa5-e6053fa11176,-67.9836405,45.947842,26,14,1703258676
7743c4b6-2acb-4852-af9e-4aec78a7084b,50.664548,63.589491,80,15,1703258676
560998cd-9756-47f3-8929-0a438cbc06f6,-87.134180,114.749435,73,17,1703258676
b2e96523-e3e7-4da3-b43a-339bc0bffeec,62.724361,-179.696099,52,20,1703258676
3d68eca2-3889-4f49-815e-79c313541671,2.104111,154.600458,89,14,1703258676
9a176c4f-c63f-4dd9-b89e-fa8de7a307bf,-29.6672335,120.491296,27,18,1703258676
26c2a7b1-ac80-481f-9618-e332918e2110,30.5723635,-139.996547,94,16,1703258676
84bdbaa4-e9c0-45cc-a76f-2907067c365d,82.447453,175.566322,11,16,1703258676
d04a7d4e-82a9-42dd-b331-fbd586aaf231,11.2875665,114.597399,69,20,1703258676
5f9ec4c8-9618-4f1f-8185-b793cf1e8309,-82.2850825,2.983502,5,20,1703258676
b8382d7c-f4a5-473a-8c5b-dd0b887c1243,-40.382553,-81.602921,73,6,1703258676
f6697255-fc66-4bb7-9fc6-178dc48a0ea1,30.8596295,73.268383,29,9,1703258676
2c788bd2-e4f9-44bb-a940-7cb85ef48bd5,-16.149531,-46.713582,34,15,1703258676
b3548eb0-c5b1-4faf-9e59-d50e09228f33,6.4251605,-147.299221,77,11,1703258676
b087bb66-e132-4bd2-90e7-76cacf2d1cc7,-76.9843165,72.962529,69,15,1703258676
c855187f-4971-42ca-91f4-147e2387c371,-8.079038,-86.438068,43,19,1703258676
4d9409ab-ce59-466f-98c0-c258700cbd98,-66.0338015,-30.212784,34,16,1703258676
1cd9d007-172d-46ae-a657-c71147e0ba39,-79.103343,-15.375542,55,18,1703258676
c5518b48-a99b-4556-94a0-64cb78ec004c,-34.8876075,-120.286933,43,17,1703258676
996a9d0a-2319-4521-937a-42803ff9fd7d,81.189725,168.725138,108,13,1703258676
88157460-523b-4f9b-b5eb-98b250ff7ded,-62.005689,28.167061,116,13,1703258676
cdb3422c-eb08-423b-8071-a304511c1930,-15.0100925,-178.884128,16,15,1703258676
ffbc27f2-0f8d-491d-a6ee-cf7e501bf217,-27.2322425,3.248497,118,19,1703258676
fa3f7af0-2165-49de-b8e8-7af2bcd7ee49,-22.1418075,44.496811,57,12,1703258676
3abe3eeb-ff4e-47ed-8486-e4ee79d49e83,43.0051305,19.868337,102,10,1703258676
3ed0f9d0-b0c7-4aee-aa40-7ad9e5390b69,-51.2198555,126.603146,42,5,1703258676
4afdbe88-bc1c-4ae1-92e0-1de4b5f29c64,-48.599141,153.331787,34,9,1703258676
832dfd80-35a0-41b9-8006-90187e39d19a,10.332649,109.705926,64,12,1703258676
0082477f-7917-4f06-b5f9-9d77b84550ed,-56.863916,-60.651107,20,12,1703258676
1c03fbeb-17c1-4fb9-8dc6-7c1501aa7a57,5.3977865,-120.531205,60,14,1703258676
6ab184fd-6d84-41a1-bd76-2731b95da778,-10.777235,107.089163,33,8,1703258676
f92f1499-9004-46d4-a962-f930913a8036,-12.148114,-95.083109,14,14,1703258676
61f60ce8-9d19-49c5-8fd9-614bd8d7abef,-24.885622,-60.168155,58,20,1703258676
97416047-b66d-4d34-a874-1461d016defb,-30.1574715,-177.686439,88,11,1703258676
84bee5e5-bfaf-4c1c-b587-68144b836561,66.1599425,7.719405,104,5,1703258676
9aeafcdb-c4cb-4106-ba08-055480278596,-17.772765,-18.605357,19,5,1703258676
ab988feb-c161-4b5d-8c9b-815cc652912d,-23.927148,-116.283869,35,20,1703258676
8c33ca10-968b-425c-a7b2-a53aca4ff51f,-73.459954,-87.607190,116,7,1703258676
f8490ef6-a1d4-4345-a0ca-6afc48ee210b,73.992970,135.432462,75,17,1703258676
4c0118a7-2f74-45e1-a9a5-66cdfc56fd84,-29.7400315,71.140402,57,6,1703258676
4d4a7740-5fcb-4fda-810b-9cd82ca1c18e,82.6421245,38.553626,41,12,1703258676
be1821c4-6dee-40c4-bc98-7d3b054431c6,39.1703115,88.596572,80,13,1703258676
fd7641f1-7763-4d3f-98bb-8c59cbf3b259,-26.3653785,-9.426903,47,15,1703258676
98f47d41-2251-4755-82da-975b824c24d6,-7.1633485,107.446354,68,18,1703258676
1f04b6d6-8b2c-40f8-a082-817b877829c0,-34.0464795,-34.017417,55,15,1703258676
316e65ce-35e8-4569-bc3a-2a2e3017b374,-84.067556,-50.656720,1,12,1703258676
d4005a38-6c5f-457c-8c28-af58a195bb4e,-80.3149625,-126.166565,114,12,1703258676
730bbe44-4fc6-46fc-b6cc-0995f16b52fc,21.407943,58.785720,120,8,1703258676
f44e50c2-6131-4a11-a19d-1a74352f7557,67.359429,167.685668,114,20,1703258676
5211a72c-6cbc-46a9-b09c-e80508b90d6f,15.926782,116.666678,74,20,1703258676
9dc47bb3-9f07-4db1-a0d3-1af1359ee7b8,52.2996005,-108.480206,85,6,1703258676
dfcf2689-0b53-40b6-99a5-78f24a107e92,-36.3739865,-133.892183,82,10,1703258676
b0c4bdd1-7cd6-434a-9181-453314b41a2b,76.7251555,14.521632,84,6,1703258676
c0ac6a51-cdad-46c0-9351-781b04762d53,23.0224435,-26.583004,58,10,1703258676
8d0fb413-8265-45ba-9453-b5369c8df360,70.567214,35.017457,120,10,1703258676
769d18d2-4774-4641-8476-910cbe1356e8,12.0298255,83.241029,4,14,1703258676
4d0637f2-8e70-4db6-9171-cc7e524d69b7,-59.7142115,-160.304883,13,5,1703258676
210fb76c-d19d-40a4-8b7f-aabd09747865,-13.5361485,-96.154608,98,16,1703258676
dc974f09-686b-4851-9218-317e0859a834,6.010903,-22.085603,7,14,1703258676
f07531e7-3050-438f-a72b-1d6c49b2d3f6,-49.642221,16.998745,22,9,1703258676
297a2dd9-5eb2-4499-acac-04c381bf5263,88.211060,158.106193,9,14,1703258676
56c87cea-58d7-4efc-bd2e-a444f2509140,-64.5453625,-149.289969,75,13,1703258676
73d70929-f643-4733-8195-872b77c8df8d,12.517762,-108.996770,68,10,1703258676
97081cbb-7e69-404e-acfe-868cd68b94d9,49.1169615,173.458525,35,17,1703258676
4078bd87-ce3b-4b2a-a928-c5eb57f24fd4,32.7309245,93.914489,81,9,1703258676
2745e377-2d3e-4b47-82da-ddba801a0a45,81.7085815,-3.325085,59,17,1703258676
d3b1a9bb-5abb-4aa3-90d1-0e10948e2ee2,55.303034,116.435298,53,20,1703258676
04910ae9-f86f-44c0-a7da-504fd2425ed1,-62.450213,-70.955312,29,14,1703258676
d802c95c-4bff-40fc-a121-7deb43100bf8,-82.266790,77.580247,42,13,1703258676
d7421b34-bcfe-42ba-b97f-e574be956258,-68.623856,110.087188,119,11,1703258676
5d70768e-63ef-4537-8335-6dd353740e40,70.463294,-165.682835,107,19,1703258676
819b61f7-2a1b-4fdb-9abb-3f86944c1326,5.225671,-123.533663,55,15,1703258676
2d2f1442-931e-4be4-b296-3953fff1aaf3,-57.5690205,75.121611,28,7,1703258676
f96dd041-83c9-446f-ae00-55529e206158,-86.7334685,137.112932,46,5,1703258676
e5374bb9-1da5-430a-ac98-7552ba3202b8,-63.465604,-34.860721,45,9,1703258676
6845184b-f304-4d9d-9874-4fd1ffd16d67,81.211245,-119.934422,117,8,1703258676
8d8b3ab7-0407-4ed7-b7db-429a8ae1fbda,-36.2783795,27.513750,27,16,1703258676
e8d5fe78-2a1b-4935-b0ba-b9fae5526c71,13.0433315,45.746319,112,12,1703258676
64e742df-4b33-4f5e-9ce2-43bbb27534a3,-77.538692,-122.062378,42,14,1703258676
97888e0e-0df2-46bc-bf8c-31ee5ea492cc,79.8594025,-77.685026,30,15,1703258676
f644893b-25e3-40f9-b503-a47a423f81a3,22.6356155,-63.870448,89,11,1703258676
2315df35-371c-46ad-b509-4150901fc67e,-32.7050265,83.374522,82,20,1703258676
a4ac4d3c-5b36-4802-b567-1e6e6f9f90fe,-81.152900,36.057669,40,5,1703258676
99f99df4-cd3d-4b78-9f85-05b6a3440d57,-74.385548,-110.047459,103,5,1703258676
86bf38e9-83f8-414d-9007-d838b5ebd89b,75.6843725,-132.895680,79,7,1703258676
4740856d-9473-40b1-8065-f29e0fe3f9db,46.000823,-135.318149,69,20,1703258676
d55a69b5-fd7d-4102-a27a-095802ddb46a,36.403415,107.870652,116,19,1703258676
5dba7332-2897-4321-9a75-27487bc924fd,-45.4486285,-34.408063,83,14,1703258676
e19c240c-77f9-401b-854c-a3049202b48b,8.6858625,-50.600407,117,5,1703258676
796ec94b-d543-430f-96ad-0d52f4279ce4,-12.5570555,105.822510,40,6,1703258676
c003b7bb-6e8c-4c16-acb9-0abde483f3d6,5.226052,-13.941450,98,9,1703258676
5b45e5f3-b354-4415-ab40-262d0d85c0f0,42.848074,-80.846127,117,18,1703258676
c09016c9-4fb7-4da6-9dad-7fa010981c45,-49.201438,-9.764416,80,13,1703258676
b6ce1113-9681-4dbc-ba0d-9119d8f384d1,41.8631295,-95.803579,24,20,1703258676
5cccdcf4-b3e8-4e66-b66b-9f39e579082c,-43.066669,-121.828852,83,12,1703258676
c57feb43-3bad-480e-9c62-0c68f8665c95,46.8472095,-116.841296,25,12,1703258676
a0e99b04-9ba2-4cc2-ad28-982a1c79b31c,-23.177937,-59.040948,49,14,1703258676
5159a906-6178-4ff0-9494-7e199a30495e,14.708101,-147.711923,118,12,1703258676
6bf7028f-3d54-414e-9395-71ab3db87f42,-65.0173015,-156.523683,51,13,1703258676
d105d785-7375-4388-990e-404ee6d65395,66.318426,-103.905306,49,15,1703258676
c0e67f8a-c0a1-4e6f-b169-18fdb2ec2383,74.4202045,18.033121,119,14,1703258676
6c20ed78-0529-4937-beea-32effbd3c17d,52.108084,-10.185517,69,19,1703258676
9973d294-18ca-4b4c-9293-32fd467d5670,68.454904,-57.667522,16,14,1703258676
d8e91f29-38d0-4a5b-b71c-c5f10db39901,86.010765,140.029660,33,20,1703258676
a3924d49-14b3-446f-a898-5538e18976fd,-43.5887975,-162.527980,93,19,1703258676
6e494ddb-3106-4ece-befa-d4153dbc029f,11.3272625,-79.691881,108,19,1703258676
fc539165-0945-46c6-99ec-629de7f90286,85.5458765,19.039340,11,19,1703258676
d131b15a-d554-4910-9c73-dccd60b123b9,48.3046825,9.669287,35,5,1703258676
c5cb8841-a598-4bfa-ab95-febb9d4db7a5,-86.572749,-99.412844,96,8,1703258676
50dbe5fc-0813-4462-8ea3-dac20b9e05e4,69.1455005,-164.050187,119,14,1703258676
26b34865-22b7-4b9f-b616-46c09a696ff5,52.336347,65.247321,70,6,1703258676
b1282176-2136-4189-b9f5-69537251000b,-63.7532355,-154.123508,62,6,1703258676
87442f92-0564-4cc3-b7a7-191aab5ae7b6,-4.712195,20.026170,62,7,1703258676
74dbe8cf-5025-409b-9e44-73b1ab6267f3,-32.8647055,-177.866006,34,5,1703258676
0e92179c-1c7b-4527-894d-370053c6d8e7,7.562800,66.999754,12,13,1703258676
d60b153d-9127-4e8d-8c6f-d4db4e8cfb65,34.652135,172.282146,104,16,1703258676
ed88e734-6df3-4b5b-a24b-f2fc2d2a4bf2,-64.1683045,35.983905,26,18,1703258676
5094dfc1-3dc8-4a5e-8ef2-d2c8e15155bc,49.851861,105.742520,119,18,1703258676
6f1157b7-db7c-4d43-89c5-41a25a37a31a,14.119817,-90.372887,64,9,1703258676
d9097a95-c7ca-4935-a6a9-2dbafbfc9d88,72.9671855,-44.343903,1,17,1703258676
8a0cc955-79b3-4563-a2b2-f36e5a5027e6,37.259994,47.659801,108,6,1703258676
57b42ebe-cc4b-4d47-a989-77ef055d180b,-11.833517,-103.006480,1,9,1703258676
fd6386c0-0a0c-41cf-abab-26dc5e3a4f1a,53.5395775,7.326161,62,18,1703258676
6983a3bb-7e78-4d75-aa1e-2296f4d5dc06,-35.0551775,-102.584691,29,18,1703258676
c996ad95-eea6-45d7-b067-e6dde08b5244,47.939514,179.505221,2,10,1703258676
1873f054-039d-442e-844b-d08bd4e7e210,57.486022,-100.735994,113,17,1703258676
48001751-2217-4665-9421-500f13a73342,-87.597073,20.873116,56,14,1703258676
f6c8e495-9b0a-4660-b38c-f458e0ee0324,36.1053375,15.480630,61,13,1703258676
1c214b21-0b80-416b-b01a-1220a80ba0ab,55.9012505,-41.383238,20,13,1703258676
c6bbee06-19c3-4bac-bb76-4b5afc25994a,-71.7169835,6.288337,108,5,1703258676
4e1aafe4-aa1a-4522-9dbf-741047a85174,-8.0469575,150.774222,42,20,1703258676
a4caf80d-e811-4c09-b962-2617c4e83df4,-15.3896355,51.109381,58,13,1703258676
a8c3ee24-dc6b-497e-9631-71c503582165,-17.6749815,-60.316942,30,17,1703258676
3b432a0c-f375-48e8-a353-10664f5d8f14,-11.7978465,131.774450,5,10,1703258676
726c79c9-739c-4d34-abe0-60644417397d,60.344431,-105.079395,70,9,1703258676
80db7b3e-33d9-4e98-8b0e-fdcbd5443115,68.241547,4.849103,59,17,1703258676
7692e205-2892-4113-800c-d24a945dfd3d,53.705193,-52.891962,83,14,1703258676
3c2e04f7-5388-41b9-80b9-def35738a8b5,23.387729,-107.716928,43,10,1703258676
bfacb75a-e69f-4751-85de-6b5793c8d69c,-27.5156125,17.891379,6,18,1703258676
592717ef-22a9-4312-8f5f-aad14dd2debb,35.276990,-133.783882,54,5,1703258676
99a81bc2-b342-455c-b0c7-fd6b49d1ce6f,-72.9516785,-92.283187,47,11,1703258676
ee50025b-4cf5-4004-86cc-502c1a62b988,-24.5892085,163.847250,38,20,1703258676
a1c09f5f-70aa-445e-a177-e755a7817a15,-12.9462315,46.232864,55,14,1703258676
4f4778d8-a0e7-4d01-a183-60361bf4efc2,24.6404415,-17.581885,68,16,1703258676
e77aeec6-5a8e-46db-897c-7980ce9afe87,-39.7758985,-177.509591,44,20,1703258676
a5672658-97a9-41d9-9165-cf604a83cdb0,-88.586306,57.756675,105,19,1703258676
1c304cb7-aa56-485d-9272-af2190cf7106,83.1148025,83.443725,58,9,1703258676
1edf0b91-d1ce-47bc-8be1-d507c1ecef38,-83.701507,165.802705,72,6,1703258676
6a5b375a-4423-4ca0-ac81-a8fd3b84c462,46.2375055,-51.293546,109,18,1703258676
cd0cd31b-7bc6-4c60-a64e-6fcffd359301,3.7065955,-160.003443,86,13,1703258676
031e0118-98ce-4da8-be53-70f4447c92b5,-53.058447,-155.160797,102,7,1703258676
bd488529-f823-4c34-8654-bb481151903e,-79.490972,109.119374,44,7,1703258676
c87c2c1b-6acc-4fd3-805d-5c1835a6d736,-75.7818505,93.753090,93,7,1703258676
5476f2e5-2020-4321-934d-c6d2cdc700f4,67.241509,-82.428400,16,16,1703258676
9938787d-f9c2-4f0d-afdd-db1250439e90,-75.0214065,130.629423,77,12,1703258676
e7a9ec1a-fb09-4010-8975-06fdd50951c0,-53.1303745,112.370615,45,7,1703258676
0626a325-79ff-48af-823d-124a1d843a6e,89.033040,126.202858,93,9,1703258676
9e9d9145-cc1a-4a41-8f22-ad4b82ebc989,-28.997436,53.694295,116,19,1703258676
8817d720-5aee-4c73-bcda-4ef6274c3a5a,55.373135,-100.486108,30,15,1703258676
739a8cdd-a1f2-4e85-b5f1-af8da636ea5f,56.086533,-173.535233,79,17,1703258676
80849f03-2ecc-429a-8cb8-ee34d1ad253e,34.1591445,87.429230,106,9,1703258676
647c4efa-c798-42f3-8170-629205e66553,-37.4227815,96.516116,0,16,1703258676
d0eba258-c572-4439-98c5-ede2ebac9ded,40.460196,-98.411264,109,16,1703258676
95cb43f4-1078-4171-a15c-1f3b7ad3201f,-78.8644675,52.569152,1,7,1703258676
509ee652-3693-4b1a-b40b-98974aed7b18,41.2126655,119.659246,81,17,1703258676
4dac00d4-3677-4304-b4cf-a093a0cd5f45,-50.6595235,52.272950,26,17,1703258676
8004e025-cd2d-4936-b462-4d95d63546d3,45.5192395,145.370034,18,17,1703258676
544ff153-bbc4-4a5c-903a-01c027f00f5f,18.9547765,-137.372909,88,12,1703258676
ddb080fa-6c41-44cc-83ba-d2d427b83a7a,-39.254448,1.027962,60,10,1703258676
111f1507-523a-4889-86f2-5aefac607767,-9.976170,132.374110,58,13,1703258676
46012b89-d7b2-4474-a132-97d001725275,-44.222828,-127.257836,90,16,1703258676
9d8642ac-3659-44f8-98b8-95d157a4ddaf,-54.520778,5.931136,68,7,1703258676
950962d3-3299-4658-8527-b37cd4d9b673,3.345173,-158.901476,94,18,1703258676
e614f13c-850d-4827-80ef-774ad21a7df8,-70.510877,-82.166230,17,5,1703258676
607ac30d-6640-4b25-bcb2-aadc57ecfaba,-31.650537,-152.477425,74,10,1703258676
e0edb50e-9efc-48e2-9c35-c2e138611fcb,67.208502,49.243166,50,12,1703258676
9a8c8b1a-1f1f-4330-9acc-8b3fff46e8f7,-38.9927365,25.556043,120,18,1703258676
2adb5a56-929d-40e3-9277-4b33f55f0052,67.8124095,-81.281186,104,5,1703258676
322f4a71-f72a-4a2f-953d-55e0b17eb524,5.667618,18.597636,103,12,1703258676
b1d96a39-db04-4e6c-93a2-ef78a9133b29,34.7874785,-67.085125,39,19,1703258676
98eb9a20-cf63-48d9-b415-df71a8f58f4d,65.840075,60.091630,13,8,1703258676
ef50f4f8-3146-41b7-9d59-dd5730b2c10a,-33.928698,31.282193,26,16,1703258676
72b11a6a-fa0f-4bcd-8ce7-f90bc63461f9,-56.6865215,96.017755,112,15,1703258676
3d25778a-b149-4c9e-b458-545294a0d807,32.4921875,41.839527,34,7,1703258676
dc35b843-4f46-4b7d-ac55-f6e6734f804f,-83.6443305,-99.601489,21,17,1703258676
0a25741e-376f-4d41-88f4-0dbd86c83e7f,28.4676365,83.903899,82,16,1703258676
192de21b-4036-4a7a-b569-0ea484e2c77b,24.6792925,92.377293,15,10,1703258676
090365e1-d6b5-460e-a5a5-b956fa2889e1,56.8890845,-144.223831,0,6,1703258676
cc035ef0-7c1a-487d-bfeb-03c765a13ce3,5.310511,-96.857544,46,20,1703258676
88554801-056c-4cf3-b96b-d84e5de80984,-35.0601205,158.462965,79,13,1703258676
53123ed3-22a1-468f-8379-b9efdc9ca6b1,-7.8052105,87.534779,107,6,1703258676
49951cdf-98a5-4a72-8842-6def2a6c7f1a,48.8302025,36.837575,120,8,1703258676
90be431f-7816-4d08-b589-22345e1cb910,9.213333,-26.747804,103,19,1703258676
d9269233-489e-432f-a9de-727f37446959,-48.1438035,29.635397,11,12,1703258676
62d2d8fb-5d99-4e05-a711-c93a131ddbd4,0.3955015,20.088367,94,7,1703258676
6528caf6-84e0-4096-bf85-90cf32b1badf,-24.738691,0.176341,28,10,1703258676
8b322a6e-3188-4771-93d6-e90ef743ebd5,-7.8881645,-100.218237,32,20,1703258676
2b05a47d-e014-4504-9c61-023f90aa48bc,-41.636159,98.764634,79,16,1703258676
d7f723c2-b30f-43a3-9c59-a65e14fada12,-73.709836,6.327064,35,14,1703258676
398f87aa-580c-4a0f-b1e7-c873c4109950,-6.9385455,-111.276527,73,10,1703258676
97da5f16-0258-46af-ac71-eeb06f44b58d,-28.368100,-140.106513,66,15,1703258676
5c0f1c1c-af1b-43cf-a404-2dc1fb75c335,21.059008,-104.827783,55,19,1703258676
b2cd327b-d2cf-4242-bc53-62caa6fb74b8,-84.065369,-45.872914,62,11,1703258676
8531b9b3-69cd-4a77-8b38-2c5a8a8e4b18,45.0509605,-152.153511,33,12,1703258676
fc92de7f-8ea7-4079-bcca-3a41d3ffe8ed,-30.3957355,-104.392949,97,5,1703258676
43a820e5-59c4-4d52-8ead-0a954c160625,-55.192085,10.506749,67,10,1703258676
b1b94b3b-3d01-41d9-9bdf-1cfe13b30194,31.0784535,-32.535679,23,12,1703258676
1ab16184-3519-40db-8bff-db4a1099b581,72.1660145,-168.109598,17,16,1703258676
d54f6bb7-2776-4e8e-89db-b10f4259e56b,81.5326105,84.515072,28,11,1703258676
323d2cd0-1d82-4342-98de-96f208bf6162,39.071390,155.122368,58,17,1703258676
d2767818-a7e6-4d3b-8514-5cc2cfa602d8,-87.2065225,-125.598162,34,18,1703258676
eb16dd7b-e818-4afe-8cf4-76d1a244cf30,-33.7704425,-21.996475,114,16,1703258676
bb4b41b8-2a7b-4ea5-beb1-2670aad2958e,66.681774,-159.236863,63,12,1703258676
4a01ffe0-ea14-4ebb-842a-2a5ccd0f650e,-68.8673545,78.683893,92,6,1703258676
c174211c-0e0f-4699-b82e-877e729e8aae,-58.327609,-18.174584,43,12,1703258676
9aec78d3-a2e5-463e-b6f2-5e0ad23c3cb8,-47.0319775,176.069669,76,6,1703258676
6d5356da-6061-4431-91a0-0981ca015a4c,62.3562275,-15.146548,36,15,1703258676
145e9050-c712-4df2-8fa9-35676f267043,-7.106450,126.944543,0,12,1703258676
3112a904-6c1b-4fc8-9413-8731a3c6e8dc,10.8490065,140.071788,39,12,1703258676
91e54488-1a63-484a-920e-a3c2847b9147,4.4902225,1.235497,44,10,1703258676
a7feb395-a58c-4f60-bdd2-eaae856ae443,87.012138,173.355359,40,7,1703258676
5037379f-ab7a-4074-9197-8c436c5f08f7,22.2223615,81.361335,26,12,1703258676
d6ba2aa2-01b2-42ad-8095-db4746eaf910,-3.776805,10.430580,10,17,1703258676
7761ff2a-0b29-4b4c-8712-f86feee989c9,35.4674545,106.568359,52,6,1703258676
16342030-78ed-4406-a881-3fc46def3baa,27.428733,152.116247,107,8,1703258676
2b9a1e9c-ddd9-41bc-a56e-a61b8662a7b1,-61.285836,113.730272,68,9,1703258676
f2e43058-790a-437f-a3d8-539b2e52fead,-72.494327,-5.011767,33,9,1703258676
e6ca3bb7-fc11-4784-be53-b7a8b7f6e719,25.910285,-108.574506,62,20,1703258676
9f4b650e-a8e8-4056-b0a6-1195ed28e298,-88.7212535,-102.820305,29,17,1703258676
91e2e169-7693-4129-8558-4c012f32b469,47.1825895,-122.248878,14,5,1703258676
1ebebe22-2d39-43dc-9718-3296d9feaec0,-60.6250455,-85.320175,2,5,1703258676
ad7056bc-c9cf-4cd8-818f-b51e1ff7d8b1,-1.081038,-65.200899,15,19,1703258676
4c4835e0-1921-4b98-98a7-0714a09c7385,50.111368,-105.749181,73,16,1703258676
6d4b08c5-c88a-401d-ae76-bb2ebe92085c,81.6592625,148.624203,111,11,1703258676
3288da98-1f8c-4910-a87b-95ea2e60f1f8,42.472576,11.438679,78,11,1703258676
2e9a1b1e-57c8-46bf-973b-cc1cebe2a02b,76.8612795,90.037293,107,15,1703258676
bb8a97c1-3f63-49f1-8a93-5d1ce49ad315,49.210792,-109.029860,75,9,1703258676
f26d6c42-d940-4c0f-bf32-bed00beedf39,-55.8413535,156.157253,112,5,1703258676
82d5b86e-a06a-4424-b03a-d25e3888ed56,-40.9786735,78.030510,29,19,1703258676
b563d343-7a3e-460f-a41a-eb5efa940ee3,73.438052,-9.492170,99,5,1703258676
71819750-f241-4e85-8cb0-0073aa0863b2,-13.6782035,89.877612,21,7,1703258676
50adde2c-ff37-4c3d-900d-cd7bea336d84,41.3639555,170.365159,3,7,1703258676
8341a0a7-d566-4ba7-94cc-9a0916233c95,-52.713114,84.831697,114,8,1703258676
c507945f-3434-4011-bd58-4a659b8ecf61,72.930111,-27.332922,108,10,1703258676
5a43ae8f-3f71-4519-bc37-fe96357d185d,-71.6920655,92.341924,94,9,1703258676
83161f88-a30a-467d-a995-8aac9142d503,-16.7727035,125.030613,27,18,1703258676
5b113432-7e57-4f24-8ab7-36219a483a1e,-41.357158,-100.707794,94,18,1703258676
5bd42173-93f9-4916-a723-b136ffc840f7,10.3619785,-174.704712,118,7,1703258676
cfe685ba-597e-4e92-8ef5-0c634146cea3,-81.7189685,58.893154,12,14,1703258676
0084a651-9713-47ba-91c6-94218321e32e,-16.929513,-119.181515,63,12,1703258676
fd43b858-e05b-49f2-874f-b577f1a46979,76.847757,147.037862,120,16,1703258676
a5f66e07-9ffb-4068-82c8-be4a0f0a7723,-23.1830555,115.853942,108,8,1703258676
fbe0b564-c6c8-417a-ba2f-7d8a683bf4d0,75.396786,9.481008,28,14,1703258676
fb31b3e7-4680-4f17-9f3f-d914b5ae807b,33.710781,-140.512711,78,20,1703258676
dba44e32-9e88-4536-b6f3-00532c0e535f,18.405865,-0.466487,27,12,1703258676
24e20d19-919a-482d-92c7-ee828ad9e227,84.570826,77.114154,118,9,1703258676
c10c896f-9937-452c-8b26-9eecc758e566,-39.824583,32.529755,113,7,1703258676
5fb8f782-ca65-4576-95c2-dea2961bd4e7,24.452528,157.959243,76,17,1703258676
465c97a7-2918-48ba-ae87-8779b151062d,-70.910379,-41.752174,83,18,1703258676
